,0
0,8571742e-31db-4c69-89c0-e89fa8537842
1,859fe6f1-36b7-4ffb-917f-bb9ed507398b
2,8842863a-580f-4040-bd84-fa0a750737a4
3,0446c855-8b34-41c8-af2d-2f11820fb87a
4,332621e0-5e19-49a6-aa36-3c6b7ade4893
5,eeb8b6f2-0cb5-478a-a189-d1ba19a5176b
6,af081558-e4e0-4023-89d0-c23ff5c14a57
7,7b82a8b1-c69d-465b-930f-829d5ec8f7f2
8,6ac2dfde-4116-4439-82fd-d71b19e1a8a6
9,7a3ce15b-6303-4f1a-a7c4-04b1662dd273
10,83dabb35-b2eb-408d-93c1-16d3816112dd
11,27f42227-94f9-48d5-b845-e333d60ae2e8
12,9a64e7c9-bff4-422b-84ac-8e6a8a3171b9
13,67cfe49e-dc6f-49b8-bb3f-197bca99f05b
14,edf56461-130c-426b-8c93-b172ca4642bd
15,73c40d18-b241-47b5-9068-d4b360a18021
16,3fb1b47c-927f-42c6-8db5-55cc8a91496b
17,1eb4fa02-a53d-4732-bf2e-dabda62898db
18,5e40c9d9-bcbf-4292-9695-5203e77c57ff
19,6a4820b1-acce-4745-b943-63ffb1562e61
20,41f65404-121d-4092-8864-4e984dae346d
21,1f8d1a24-cdbb-4133-bcb2-4b3426986777
22,7c8b26a0-7cef-46f3-b65b-34b455a4cc23
23,baa44208-c60c-413b-b8d6-8943d597b337
24,179ec8aa-14cd-45ae-9269-e2f30277b570
25,4d082e0d-d5fe-4407-beed-13e9a0d2c982
26,9dea4e21-7d3e-4136-998f-2dab167cb528
27,de53c1eb-8f51-425b-89a1-bbd026a76833
28,e2d1bafe-9381-4830-b3ef-c9b338c9b043
29,e9280678-f4f9-4fe7-8694-a8b1bc8d8e6a
30,00ce1c6c-53df-4cd0-9f79-4a83c2484336
31,8d768d41-c6fc-4803-92f0-3dd6a022a749
32,348fd770-952c-4092-ac85-17523e004dff
33,b46a3fa6-695a-4018-aa2c-3c9448791d12
34,4b3a6f7f-aa0f-4586-9590-409de36e18b5
35,4a9a8138-6f35-446d-afab-0a1f8d0fd519
36,64ac0128-98e8-4242-a147-5b4f8329bff5
37,2931a259-4b56-45f4-895e-a0ec2e038a69
38,909173ab-d4b8-49ba-9645-b6f6e8745fe4
39,fbc3e7e8-5029-478c-810d-41f7f70113e7
40,7ba30f4c-afce-42a9-8aa7-ac3820d48d28
41,5739901f-ef0c-4339-a5e3-32b2e57ea7d8
42,790a1367-0ecf-4b42-92f5-54a9e47d0ddb
43,8fca749e-20bb-4e4e-8a19-55c975d24fee
44,4441acbe-afb7-43c0-9797-56318c9317ef
45,1b6da876-23fb-4cf3-9901-100e11c1cef7
46,2ce68c25-de47-4e7c-8b26-4e8410a58384
47,a01464ff-c67a-4f8b-ab90-a96e0daff8ee
48,710f28ba-4171-4edb-a324-3dfb8d46e957
49,041f890c-7f5d-4369-a6fd-41ca34d3d04b
50,c1c734bb-9989-41de-9357-f9cd42a97687
51,54c3adbd-7b67-4438-9124-0516bf238bba
52,cedede2c-f05a-4954-8f14-945fc84ae287
53,d74b1192-485b-4dc8-a241-ac4117167e8a
54,624df593-a95f-4792-b882-1664960fdc95
55,61958366-5d03-400c-a0ea-3216e56d0644
56,18e6f5e3-b388-4757-a0d8-52dc69b65b1e
57,2b1ca578-20fa-497c-9ae4-c8741c544cce
58,ff990a62-f499-4dd2-b5cc-599397411a26
59,0dd44c9f-4e2e-495c-85dd-92e8b38e847e
60,15a2cafd-f3ca-49e0-a896-b851eaa96863
61,b222fb2e-c4b8-4d62-863b-330a4f62e627
62,c3d734d6-d1d8-4fc0-b4bf-18cd1ce3abb7
63,7fced052-f2e8-45f7-9ba7-4668f3a149f9
64,6544f2c4-7f9c-4400-9190-6e5862d48d23
65,caaa24e6-b55b-4c78-a51f-f739e7af6c89
66,260bdb07-71bc-4485-ba05-c32f268071d0
67,415fc703-856f-4349-b911-5badb0a2c732
68,10519a3c-5a52-49b0-963b-8ade6e8449c8
69,15f4ec02-c138-475b-9f3a-d9cbabbd8469
70,eabfe98a-06e8-4815-99c7-3bd5cf991f70
71,a289cd3a-da41-4c09-a482-b38b3f55dc57
72,c47efd60-d814-4e13-8c83-e6d2d1b1b672
73,7221dfa7-38e2-4cb6-9eaf-d67f9c1b8f26
74,6f0b6ea0-5d03-48a4-b702-550defa44ad2
75,e45e4c9e-7004-454a-91cf-154a1e97df2c
76,c0305853-bd7c-4899-bcfa-d1fdc1946f3e
77,3a33c259-88be-432c-895e-6617d65c70c7
78,58e1efbe-b2cc-4bf8-87b4-d0c6e53505ef
79,13d4e275-3417-4ea6-90a0-d987dd3cbf3b
80,ef41c399-07a7-4ecd-929b-5901dab42761
81,3bf4ca4e-1cbb-4630-979d-18db1c6b1f21
82,3ad08cea-dd85-4c62-b15e-ff965192d92d
83,a0cfd41f-735c-4ed1-aee1-9b090f21eae5
84,fdac44aa-befb-4b4c-9a92-4e623a2812a1
85,fc5a67e2-3c2d-4a5b-bbce-0fda806e68b9
86,c7b673b0-2ebe-448b-8d1a-6544895ba7d4
87,ab7ec52e-0f51-433c-a3d4-15b8e5087cc0
88,4f294b66-f60f-494e-81a8-d8a07ac4847f
89,b7b66006-0328-4f12-b981-4c5146d0d290
90,1220075a-7d57-438a-8ec1-2019ad2fc7b0
91,87bae8a3-ce90-48d1-b46d-28736988551e
92,a60e6391-9d9d-49fb-8054-2dcd4aa520a5
93,19c48b61-ccfe-4759-8f22-5b30b875d00f
94,f140ee72-d5bc-4022-94b4-48260f6d33c9
95,330c24a2-984b-4b7b-8ce6-5c50e4359612
96,17c9aef7-3bcc-444a-aa5e-4021aa2b4562
97,c2466b3b-236c-4638-b6af-02a07673c058
98,18a2d5ac-75eb-4aad-9f6d-381ac0a900ff
99,feedd11e-3985-4b44-bf07-e6bfb47d3bc0
100,936fde70-1133-407d-b075-b66964f91f16
101,8aa97c12-585b-43ab-b8e1-9c031b6ddd07
102,9bda6385-84a7-4fa5-90b9-75c31e8503b6
103,05eb61f0-9503-4a24-8a0e-9370bd8ee39b
104,a2344d66-665e-486b-90eb-4c2ea9cd3a5b
105,64398ce6-3bac-4c6a-bc46-ffce99c06f76
106,930e6e5d-584d-4c8d-a26f-2cb93a0e5cc5
107,9cd52432-e12c-42a7-9536-374937a2668c
108,0046629e-fb42-41c7-923d-32c4966b12c3
109,9c766ef8-f000-4442-a58f-0a252c2c3f8d
110,278abcce-bf5a-4585-8de8-4ced9cd2999b
111,d6f10e5b-c31e-4e52-bc04-37f88a89c0f0
112,54f8e7c6-39a3-420d-bc97-e2d623b63f7d
113,3e8c91cb-711a-4e5e-97e3-2cddfdf81fd2
114,b93eaec9-9b9b-4fcc-9ff3-d2b1f035cffa
115,f151c607-68a4-4971-b741-f6cae43531fa
116,0d3c6a80-a10c-47f3-bb53-3b435ce00fec
117,a8cadc00-9ea2-4ea1-9c37-36e7d3e7140c
118,048998a6-0eff-467d-87ad-ae085bc93bdd
119,361350f0-4e82-4fe5-b013-1db589e31fc9
120,e32e2a01-5902-4d10-8c4d-b402ec275ada
121,5c0c8549-1d23-4fe1-bd2a-9effa89ddd3f
122,24c2e555-23d1-42f7-b794-c2f77ed0fbd7
123,3b3824cc-41c1-499a-8797-75317a2dc842
124,01d17445-69f0-42b3-9921-4f2d32503dae
125,2ad54dd7-3807-4fc3-bcf3-2e6bafccb742
126,cb89c955-2b52-40bc-93c9-f7b75bfc59af
127,d58bb7db-be9f-44f5-8e5f-f2511c8f40ac
128,e90517b3-75f3-4629-80a6-4cce767bc313
129,a1c2002a-2f66-4c90-bc75-fef7159cec3f
130,7bddffd8-a312-4961-b95f-accdcbf0a3e7
131,9c592b79-a7ea-4d3d-a5e2-ab04bcad4731
132,34e685d9-8358-4784-8e2c-5d102c9e19a5
133,71b3771f-29fb-4be8-936f-98d2066e7c4f
134,64d0c940-c26d-41b5-a1d1-fb5dc00d6e0b
135,47139316-4991-49cb-97fd-52cdc004e0a3
136,412bd768-8f0a-4923-9e6c-dc2ef14abbc0
137,c86eec59-81d0-4f79-bc6b-effe968cb3e5
138,3740230b-862d-42a5-8d12-8478395fa854
139,18dcd90b-8c64-417e-8e3a-a118efd0b850
140,d5e58af3-8d07-4f8d-969a-f5e30eaed6c6
141,77ec5cbb-271a-4fcc-8065-9336adb2529f
142,c2f66243-05fe-4a78-928c-157ddd804636
143,b8fd124e-c7ad-457b-b2c5-f3888eff04a8
144,d8c0cada-58de-4649-b880-97a3af5d3bde
145,c9be6932-adc0-4017-b728-b25505d5311f
146,02075b5a-6319-436d-95fc-c333b08a2401
147,b57614f9-59d2-4dc5-b2d9-cdb773da555f
148,fb113b4b-9d0c-4be6-874e-efc9e2af3616
149,c814285b-75a4-4670-9791-8db889691398
150,bb0c8ed3-3e2d-42fa-ac37-a351010b83ce
151,a9932586-4e73-41e0-9aac-236402df1a5c
152,57a0af5b-2c38-4201-b7ef-6baa1424a213
153,31c06116-eddd-474f-8f71-78c6fc102c06
154,3c468ab3-ce64-471c-bdf5-d0d5baaf7635
155,d316244e-2fa6-4ac9-a168-f4b1bb63e0ff
156,cb8e0a1e-0636-433a-86ea-4c38257d7a61
157,c8b9c9e1-73b9-4b50-af5a-d54098e74a82
158,f7406cc6-7acf-4f41-8f35-223703806541
159,9181af5d-01a6-47e1-9bcb-5bc0e1561a4a
160,ebe5c6ec-a20b-47c9-919f-1de25fd6a3f4
161,f96b0fac-4c7e-40d9-a709-365d4bec0d9c
162,ea8d9671-93b4-43c1-96c0-b7885cc74bd7
163,ccec1dd0-dcdb-490e-9841-1c1bc14f7e73
164,3180f95a-6232-40ee-8b00-49c35b91f5bf
165,30e4a1fa-6e76-41e2-b4d4-398dc7fabdc0
166,e78d4b58-4d5d-4252-8ac9-de19e0de4955
167,ca9c53af-022f-47c9-b4fc-6a2850da45e9
168,0ba6db36-b3c8-40c3-886c-d44ae7e0121a
169,d6b77608-5237-4102-bd65-5b19fb67985f
170,b074f05f-ee8d-4bec-a75d-787eeccfcb52
171,dad63467-1163-414a-b1ca-1703ada4b533
172,22ea6840-4931-49f7-83e1-716ad186bed2
173,083a9072-dae9-4ebc-ae2b-7a197f6a404a
174,ff5af769-9718-4e58-a70e-acf38c8759f7
175,b041dda6-a581-400a-9729-85f40116dc32
176,c30c661d-8df9-494f-bcdc-f8fa73657a8c
177,c884a83c-cd0b-4449-b76f-afc329c8684c
178,176e1f53-b32d-48bb-8db4-dd67c1a7797a
179,5ec7a75d-998a-4f71-b899-49284c115163
180,1761c66b-fcf0-4446-a9ff-1590aa4c9d7a
181,1a405422-8dc2-497e-aed4-aa458ddb61ef
182,f262b6f4-c282-4e29-9008-ee52b4312221
183,db27444d-0a61-4d96-9158-c63553d0f43c
184,8ce054d1-b301-4415-bfcf-a795c094ad95
185,6d139db0-0444-4cf6-ae89-19b78e9a500c
186,eb256f5f-9635-47b7-b7de-df23d77d23bd
187,8da42b99-5563-4a4f-aaf7-9084e2012d06
188,f3bf5635-3516-40e2-8883-96f8f027b620
189,bb20d085-8e68-44c6-8fb4-f0cbd18f767e
190,61f0eeb5-d329-4e1c-a609-a2d2328f2a88
191,7689fc7a-f82d-4f10-b5a8-64a7160027c5
192,5ee4e1d7-a345-4f31-97b2-da4b5c0a3c57
193,0d8b4980-5e2d-4b59-ba47-275ae726c314
194,34149486-9e4c-43da-9873-6f06ceac9263
195,a7b86d77-3a7b-4c2a-9458-8f740bbed3aa
196,1a7684e1-0cc3-4de6-89fd-405adf2f0e2f
197,6a8340a8-ab62-4312-a8ae-0ffa36cb64aa
198,0ff8f41e-fea2-4054-9f3b-994e9ff5bd77
199,0a6e53dc-8eec-445e-a5bb-860a5b605c62
200,52d4887a-a34f-4cea-8e1d-1162458c37b8
201,73ca1186-ca35-4b0b-87fb-1b6d853ff984
202,9efc1a9b-3f16-4141-8832-7c93371efc54
203,29436dd6-872c-4078-b8e0-462f08fef7f6
204,24ea518b-d961-41a5-baf7-f006afebb13c
205,c0106c69-8bb7-4873-831e-52050f2dc1b9
206,d111bb12-9529-4007-a83d-45a0772d0132
207,60c6fa8f-a0eb-4ae6-bf55-a0812788e193
208,ccb313aa-4284-45ce-bc87-19d8f09a7a07
209,ceea8cd3-7e84-4f71-980c-abd1552337f1
210,713c8c80-a747-4b80-9fa7-a1adae172c33
211,bd370092-440c-47c7-98c2-0689cbe0df4f
212,e3818df5-a05c-41c8-82bb-5dbdce0465f7
213,1bf29b8d-1863-4322-a93a-3e1600cb107d
214,c31d4076-38e6-4432-bd76-00bbcbd45108
215,0ed72012-cef8-42bf-94f9-c659bbf69f2d
216,8795b905-6f4e-4c24-a572-67d9c631ef1e
217,0c7728ad-c62f-48cf-91c9-2e792568a6c3
218,c654cc9c-4f9b-4a01-97b8-42e9da7b85d0
219,f2245d79-5806-464a-a415-d51915a47bd0
220,edd7c02e-3e35-426e-83dd-6abb40985861
221,bee43569-81eb-496b-89a6-20ae23ed3636
222,18b14fef-ce24-4d54-bdbf-ef20da31be23
223,7680c523-328e-4ddc-adad-70421177e3b3
224,c5da00e1-83ee-4872-94c5-5b9590a65edc
225,78ffb205-8d8a-4d2d-924a-48c68ac9cc5d
226,67d9944f-0d4f-4681-a829-04ce67c0886a
227,6dcf6cd3-f18e-4436-8f05-502101798da4
228,d5255ac2-9bca-44da-b60e-4fcd969eaa33
229,b9a633cb-27f3-4009-a9a1-30b689e149ca
230,30037fa8-2042-45b0-8b82-8b07b7a614bb
231,f27a6371-f744-43b6-992e-9d9f5c0c32ee
232,6b20efe9-a07b-46c9-bb8d-c89e556722cf
233,a2070234-bbc2-4999-8940-df26b1137d7f
234,7e77965c-0bcb-482f-8ead-47406effa56b
235,b322576f-c9e4-4415-b8fc-0e1c3982e90a
236,b2068844-d3b7-4c2d-a48a-caf04f55d13b
237,abc1cc15-070b-42be-b0f0-7f9b3c1034d3
238,91f876d5-485f-46e7-a89b-5ef452dc47ac
239,f3eff286-333d-44ba-bd33-83fe0ea36c6a
240,e9eeb7ac-2367-4810-b2db-a1a429e21834
241,fd30a72c-0bc4-45c3-81ba-e03ab49f3a37
242,d7a949fd-6538-43e6-b636-6abf4c492e9a
243,e0607ac5-5a69-47a5-8a27-1ef3722f2c61
244,ffa027e6-1745-49d5-a27b-c4b437ac6b91
245,4e5df142-db17-4fd4-b909-da7c0958e938
246,1e30a81e-d5d5-49c9-94bb-0cb4deb9f667
247,0316829c-07ee-4053-a73a-3078ce634c7c
248,4f14887b-d2f3-4bcc-8ec5-663689f87948
249,a2238be4-8ada-4cbf-a50b-aa780de1d214
250,b512b5d0-7237-4832-ab8c-b2ed3f3ed56b
251,5f0d7cc1-1f48-49e4-ad4d-94ce9d2d897b
252,2a1fe2f1-6ded-47db-8911-4de9c171bd63
253,fc88927f-6f3a-463c-be06-fa95638828e9
254,17793f34-7b07-48f0-9fe8-03e6df1de14c
255,69d43c17-cdef-4029-9c1d-5c3c85a63c66
256,6a9fe748-74db-43bd-ae45-8165a07c07f5
257,560da549-a719-4d08-9bd1-cf02a21f72ca
258,ca64e306-5c0e-4a34-b547-8fc9752ecd58
259,32259bcf-b569-4307-8733-f757eb2c1a43
260,024280c7-cbfa-445d-9fd2-00523f3b2bdf
261,15551eaf-1f84-4f64-b9cb-a1509c3d5ce6
262,ea7431c9-b2a7-495f-a3ab-78f612cd46e7
263,30c0dfe6-52da-47d7-96bf-7ed4b6a7cf1e
264,0419a530-de76-4c3d-a704-56698c25e458
265,3a3c17ad-42a5-408d-a087-0f40a25947d6
266,aead1922-28f8-4998-9c23-f9abfb655a17
267,8e7312a7-6b11-4df9-a64b-f773bac9c81f
268,a1009675-5cf4-4a49-88ac-0b24ecd9ffe9
269,7db1f1d0-0be5-47f4-a602-7f781ac44ffc
270,bffa241d-2960-49a0-898e-ca98595992c7
271,02570e09-48b1-495a-ad58-af66e501e437
272,0ea29975-72a3-4aa2-984d-ce5f56011c1c
273,15420d5b-1dff-4dd3-8d20-ee30e0ed6c69
274,ce738538-5452-46d1-9272-28b2c27acfc7
275,4c40620c-109a-43e3-b8ea-bc039c3f48e1
276,c16a18b8-a432-4c6e-90bf-0aa3fca9595c
277,743ff76c-052e-454a-b46d-830a6f958523
278,bd23b09d-979d-4482-97a3-d8956b1fb768
279,43583046-f15b-4a02-8c63-b2c945e203bb
280,83cf3635-deea-4a81-a526-6764678116dd
281,9a6fc33f-d254-47b5-ab13-aa45499c44d9
282,dbfa951d-93bd-4978-909c-d9ba1868eea2
283,1d360d9d-4ee0-431c-bc56-9c9cc8b414ca
284,8e6a5e34-e783-47fa-b2aa-88273dce4ece
285,b289bfa0-a731-403b-8fad-7d6d6e1ec491
286,b1b8e5db-a948-4171-9e4e-625cb637f63f
287,7f937bff-4272-4d49-b5d7-1328ca18e540
288,e4f7a3a6-5705-4160-a035-38cf1ff9761e
289,3dd800ce-ae39-4962-82d4-2076b7f0649f
290,27c399ee-3d66-4c41-9ef4-205ee42f6c57
291,5eb48e16-402d-48a6-b679-b79e9e472c11
292,05d700cc-1631-45f7-9ef9-2e9da20a3263
293,f1f61f45-a32b-47cb-82e7-ed3caf0d99a1
294,ddf0f355-39b6-4da2-8ab8-84260ad7627e
295,d18c7e37-9457-4d65-8a23-66f454cd5786
296,1c459002-edef-4d7f-95e3-73b0020f35e9
297,02e114a1-8122-48be-ba33-d0631a257872
298,95d3dcf0-0f6c-4a47-b464-1bcbeca05d75
299,fbcf3792-bd5f-4c65-b769-f34cb2e62595
300,c9775fbc-d0fd-4e80-8518-12764d1d764d
301,238a4abe-0555-4b57-b34d-c1a6f855d9c5
302,f262f556-e94c-41c0-9435-d0fabdcd6622
303,998ef31d-4257-4419-b947-b38652dc979f
304,aed25820-ec55-4a79-ba3c-f5e3436f123c
305,43f3cb3d-2689-46a3-9d92-165cfaa808c3
306,6186ec41-5620-45c6-a707-762e83440c91
307,35ee38e5-0143-49be-b2bd-d3c6e1e83463
308,82e39ab4-3c00-49fc-b41a-da02aa5615d3
309,89f0ee2b-a79c-4ed7-8384-e98f64c2acb8
310,e1fcaf39-ba4c-48c3-8cb2-461f1df4e279
311,56a0153d-bcc6-4d76-9126-f235240b5a2c
312,8dd7423a-925c-4a3b-a0c2-e1ca9d6a5a2f
313,b9075e78-b338-4cf3-ad36-9914936c3119
314,10cb93a3-fc60-4055-8be2-ade119d60d1c
315,efa31bd6-8b25-4511-8226-abc1b0c8dd01
316,ed8305f7-2d7a-4f1b-af60-bc847ecee20b
317,9c133c83-0bc5-4acc-bd1f-870fbe551563
318,36dfcc73-b1f4-4a38-a42d-010a95001575
319,7801c243-0749-4309-825c-087925689cce
320,41b61b1d-66bb-43e1-bddf-f820121492d8
321,541ba95a-0732-4790-9006-d7ed7157c58f
322,acc7b90b-acc0-4eb6-8fb2-11b91d5677e3
323,a7cf8641-59da-401d-87fa-ad8f119c8025
324,3f98bd4d-ec32-48bf-a63d-144e319fb09e
325,76178e08-6218-4301-a97c-a1d010542c48
326,2d1dc188-d090-458b-a104-56a8386d7de6
327,df5f8e51-f55d-42e6-957b-4e2ab02a21ec
328,a5f7b4bd-b0ed-4621-84df-7ff57c3b91a0
329,6d59cc5c-e470-40ec-8a64-c08e76be65ec
330,17737a62-ed88-4ca1-8581-5988277a8761
331,4e1cad7f-9984-4a32-8a89-210449734aa2
332,e79d5a62-1c77-4fe6-ac54-f42adc0ed5c5
333,e7dbb6f9-a1c4-445a-abd2-3c3d50574890
334,31be9bb4-f704-4af9-a3eb-18230091a096
335,f6c49531-feec-4222-9913-8e1cabef0645
336,6bc84751-f273-4ba9-8d88-7ab1d47917dc
337,ef85318b-b8f6-4bc2-80e8-275cc4dc0463
338,0c5bfac2-bb61-4478-a876-4c22a8e99141
339,d3114879-a5a0-4868-a409-259e6f6d0594
340,1b9dd599-400b-45df-90cc-a0fcc228c8ad
341,7cbc47d8-e208-4783-bb3c-3230fc74c421
342,af8b8772-e00b-48a8-a838-71d3f80e951f
343,088477c2-88f0-4c40-ac51-44698fe4e66d
344,246df358-d1c1-471d-9ae0-56ec90c88dcf
345,81513803-687d-404b-849a-583032545f79
346,b00226a5-cc80-4d10-98a0-0036361d75c9
347,13015678-bc41-468e-a8af-3d7dba4685ca
348,fb51f494-db29-486d-b905-42c0c68e8c9c
349,fa830a8b-e781-4098-816e-35eae97d0c53
350,323571d2-f1ce-45d0-b1f9-3482bb2b77da
351,d0859682-1261-457f-acb0-86b29ab12b9a
352,9a223d62-8cb6-4515-92c4-614a39b9bb31
353,d69fa918-a7f7-4001-860b-04164fc32d2a
354,20f4e0f0-35c4-4067-b87f-05f39e0ff4ae
355,1d2a516f-2e15-4532-ba01-4e3ed3f14e31
356,409257cf-c5e1-4028-8a38-62e7b05b7916
357,9811b9a0-40bc-4bc1-8b55-ee25f8cdbe36
358,a9420d6e-6c45-4924-8e50-fc5493d76541
359,0bc08d46-9778-4f70-b313-0373ed86a9f0
360,0096cee4-ddbc-4515-90cc-63ddeb7dce55
361,6c44ad74-8549-475a-9f38-d7af4b109529
362,0bcdcce4-bab1-4606-a865-a79b3e8cd0b5
363,5a268a20-7f03-4b2b-9b25-b0b67a16e02b
364,842f17b2-f6a9-47e9-90b1-0efa0de84f32
365,c7f508d1-b194-4fa3-ab56-d07139e50e48
366,9d28a9ac-048c-4a16-b126-ee044dfee865
367,27c3d3ea-647e-41ab-800b-bfab3179d5b1
368,f76230ee-2fe0-4b83-b094-8fa2959ff8c8
369,97c768a6-6b0c-4dcd-82c6-b4a1758ecc46
370,8d7d255b-a8a8-44c4-aba6-e5db5db3e049
371,c192f7c0-5ac9-49c8-9a45-3967e2c2d06b
372,d8d362e4-dd21-458b-9aa4-fb5ac89249f2
373,b4d1336d-7f30-46a5-a5c7-a2664c1582e6
374,994dd3fe-33c6-4430-ab8d-c0241c9ae125
375,3d25bfd8-95c3-404b-abdd-4c5c0753a539
376,48631c94-467a-414c-86d0-e462194a840b
377,267843a0-1fd7-4c02-9106-505e2d3c8ed6
378,2269a205-60ba-4b8e-b9ce-ca0360707db3
379,e2c616f0-dacd-471b-9f14-0fccf88f1cc4
380,752add60-57b7-4714-bdbf-04244d75ffa6
381,f9d2ace9-aa00-418f-b4e6-6392b06f531c
382,10ea2195-717f-46ad-b115-3115208d1fef
383,0528c4ef-39ea-417b-a13a-a8b0fb8f235c
384,4b79d68a-17dc-43f6-81fd-dbed227043fd
385,71e71b25-1c98-4ba7-a27e-05861b9bf486
386,ecea5999-32c5-4845-b3ca-8d31f5564c12
387,9af280a5-789d-4922-b898-881629a2ac9b
388,4ec1534f-d5fe-4fb3-946f-a4eb768b006b
389,37e6e641-11ba-4d2e-97dc-e567591e35fe
390,10158918-9849-41e4-95b7-941fb1f71be7
391,73eb0303-453d-4185-b3b6-774fdee877f5
392,3d2ec57b-be24-43e2-b9bd-d3ab17c0f607
393,bf918a4b-432b-4ec1-b4fb-f54891abec72
394,e3501b22-583a-4c5b-a921-8f78a85f6218
395,5afe50a5-ca27-48ff-a43e-e284476de607
396,e5a092eb-1769-4e9f-a70b-45896876efad
397,c9d38d67-9f9c-45cc-89db-2af3e1b9c7dd
398,ccb4a9ce-1329-4ebb-a244-3f0e6b9d7417
399,afb08fad-b087-408e-990b-401485f6702b
400,c31a3f2a-2b46-4148-a2dc-79af35c8c6ab
401,3943fa1c-310f-4e63-abf2-7ec8f0b16bef
402,ececa91f-86cf-408b-88fb-0a168f261ec3
403,319a2d27-fb27-451d-a5c1-9cd27073dc23
404,d7267075-1178-479b-9655-df93aa6c996a
405,a63b7f13-2c6c-4353-960b-910fb8492ac0
406,9eb5a45c-3c75-4361-813e-6ea7c0659850
407,88235ecb-38a2-460e-9a9f-71fa78eff84b
408,28700e47-9291-40f8-837b-de84246b13e9
409,7bb0864a-5c70-4675-9ab0-bd8402b44ac1
410,40813d0b-f385-403f-9bca-3fcd673e02d0
411,d129af4d-1c0b-4fb3-be3e-99fd3eeceef3
412,63bec7aa-3018-45fd-86f8-670851bdc69f
413,e5a6b5ef-f81b-4d01-a108-a0aef7ca6978
414,44ba27ce-8915-43cb-8755-907a2c7d117a
415,18ef9827-35dc-4055-9e1d-fbc37937ff92
416,44cc2ef6-e193-441d-a8af-b88da77eddaf
417,56d5e0bd-0169-4d70-9b81-665b84f034ac
418,90d1056c-aaf8-41a4-9833-ad77ba9e1aa0
419,9413c509-a510-4ba4-b98c-7a0f118013e6
420,9e76febe-fc15-42ec-9291-eecab4279ae6
421,f47cc8c3-ed50-40eb-ab59-3862a1651d9f
422,77eda7f0-328b-42a4-a24b-6d542791e2c3
423,934a40fa-add1-4fba-a736-d8175b1caba0
424,e17c29ec-a06e-4cd7-97e6-f3bd45e45679
425,0dd29078-808f-44f1-9876-ea5bec7cff55
426,e8d2bd7a-3c36-402b-91d7-a6e471576cd0
427,97cbbcf3-5811-42c6-a908-403357d347d6
428,316f2fca-8c6e-4dc3-add3-298f0d6ef02b
429,75fe77eb-8c63-4a71-ae37-9d416d56158e
430,b52f789b-3fd2-483b-89b1-0375cc638f0c
431,a4f3dada-7cdc-47f9-b55c-be541ab1eec9
432,6c589efc-34fe-4eb8-bab2-fa83d7d529bd
433,c2e892aa-9669-4599-8798-f398806ce1e8
434,925c2016-d06b-4f86-be22-5447ad80e077
435,af3a17c3-a2d6-4115-b8f0-ee20c372c334
436,b4ebf0ff-621a-4f09-b27c-4d986f422dad
437,b0f8d594-8b16-438d-b2a4-99b677d91b50
438,d481ecc3-1814-44a4-91c0-0fa7f9e9ca52
439,3dd67205-6273-4f20-aabf-fe37eb2314f8
440,7a8c4c73-339e-43de-9871-80be3892ae65
441,b9849915-625f-480c-89b8-0ed2f7e9b11a
442,f40c8810-742f-4b59-903c-5a94f4f59440
443,c23dbe14-d440-4cd1-9d53-423de7deb493
444,7796a05e-8f72-47b6-9ba5-0a0a89dc25ff
445,be0874b9-c7c2-4ecb-9f39-b9f66d6501d2
446,0d103f66-0873-4918-9f5e-f51448f81302
447,7bf80611-dcbd-47cb-898b-eaed513ce565
448,9d22144a-e58d-47b2-9a0b-631aee37de3d
449,b0ae0e6e-c01a-4eef-9953-94335388b881
450,2549d0e4-16b6-4a51-a117-59fa36ca2124
451,be51f113-71fb-437a-8441-e74cfc39f2e3
452,e1b7f332-13e2-4d5f-88e3-b867590e602b
453,a064b4ef-06c4-4575-90f8-66cb18f1bfc8
454,f07d3e85-8fc6-4266-aa8c-c9a1a0eb7c9b
455,46bb8900-8e4d-4237-a890-965916a426b0
456,6e52242f-1681-4814-a76c-4da06b4448ce
457,7b8f086e-d5b0-408b-894b-3a46eda710ca
458,e3d81ca7-9873-4cc4-ac93-102c2ccef3a4
459,f4b881f0-da37-47f1-9b34-1e9332da4a90
460,65fecc3e-07bd-4d51-adbf-e5ec14f17780
461,ac8fcce7-329b-4d7f-93fb-df517dc766d6
462,c83980cb-9289-4579-b318-a1ad6c9f8076
463,492854fc-2d2c-4b5a-a924-e29c1a6c563d
464,ca70f3e3-700c-45e5-a354-cc86665447e6
465,265079fd-adec-48ba-94f1-c6f1dbfe9ad3
466,f1e262f8-e7c3-4998-8399-49b49f3b3a4b
467,da6b58d8-609c-4caa-ac3e-c83a390719db
468,fc47b93a-cbf3-4b4e-a040-a0dce85d59c1
469,1a1ae063-1072-4a7e-a3a8-84064199df66
470,6ed6a5c1-d03e-479e-9407-c6378ab1fb37
471,eb975734-6472-402c-98f1-20a35432d7fe
472,6294c77b-e3d3-43cf-8151-ac7ab0410e5f
473,7df83933-1611-4bf8-8584-aefce0dfc1eb
474,42a01aab-f2e3-4de3-9f10-1243d3020b8d
475,cfd44340-ed72-4252-99a6-58a357082f2d
476,9ddb7c1c-c634-47be-aff2-9c24f965d55b
477,ab5d8c28-ac27-4211-8584-d1e68ef7e8ec
478,5c414ef1-796f-4ec5-b028-2f0d988b6ca2
479,33952036-8b3e-4248-8072-4a54db5c46f9
480,386c1de2-ac64-42d6-9b18-f7c46932f73d
481,9f0ea942-2c21-40fb-b51f-8b505e1b749d
482,95bfe162-41c5-4cd9-bc43-b038debcd28f
483,de706557-50f0-4ad7-b95e-0a99e9eff941
484,a5afad57-b0d5-4aaa-93f7-d765b9543dce
485,22cd95cb-59f5-4ec1-95f5-5634de04ba0b
486,12dd1e0b-61f7-454c-ab5f-c6f746eb3536
487,2d647009-066d-4177-93d2-55ff9be61bfe
488,57706d96-c93b-40c1-a621-8d997bedb6e2
489,f4202717-eed3-4c7a-bdba-ea3d5562e46e
490,09a9b5c1-ce49-479a-9da0-6c0c8fbe0019
491,52666a90-3a0f-4f70-895d-a3f8c2bc3409
492,1b542720-b6ef-4270-be81-6e3ef0491752
493,6752521b-19fc-4e8e-adbd-378ac942e8f8
494,bf859e0c-ed09-4c44-8fb0-1a4dcd64c405
495,e10a90aa-88cb-4e3e-8b11-173a93c59178
496,11839d70-874f-4bc9-929d-34a3d19fd400
497,d6fe0724-4c52-4522-b888-0f6d2b860e12
498,a586b577-ae6a-43ab-b31d-df9243dbbabd
499,fc6158d5-a6c1-464e-a744-56ba1a276f67
500,af651b35-8970-40ca-8be7-b6065bcf8ebf
501,e3a33544-ad52-4927-add4-21ae8a3aa697
502,70c8dc06-7013-4b92-977a-1e64ee6c6be3
503,1608a2e8-1ed9-4b05-98a8-529a85e9b15f
504,3c687546-b707-4cdb-a892-f2175ff12e26
505,7c88cc06-63d8-4160-9005-566594cd7475
506,553fe49f-24ed-48ff-8a74-afca5fd0dc0e
507,d1cbac03-68ca-490f-9080-142b5c6c5d6f
508,c919f8a5-00b5-4efa-b84f-8a3254d92ece
509,4721f581-82f2-447d-96a1-f342fe66f657
510,39568e29-28d2-4d6a-805f-97e821f74119
511,eb7a0495-8204-4511-9cab-37054c1fec82
512,c20fa4b1-4ff1-43b0-8327-194502b4d551
513,2f396fba-7960-472f-bf5b-18ac24948ae9
514,824367ef-8a57-4dd7-82e4-f61ead7c71c8
515,57da1399-77dd-44f4-a5a2-fa9759b6527b
516,518b9c29-ead6-405e-b86c-3ce3119166af
517,da4d83f5-64cd-498a-b9f9-7786dfb7bef9
518,98f98163-592d-44a0-8ae5-d8d1af13605e
519,2120f596-306b-44ea-afbc-ecf1ddc347ca
520,c7a691c3-89d3-42aa-b0df-ab6cec8392a8
521,398f7339-1253-444e-9a1b-b388d5ea7f9b
522,33d2190f-4f41-4c2f-a623-0575d17c4515
523,1f1b919b-dfcf-4781-a035-73aa055227dc
524,006271f0-c293-40d1-aa08-4a748a6f7e83
525,b2362d18-19d7-4275-adc9-1bf7a8d436a6
526,bfb39f3b-08fb-445b-ac76-20453ac1e450
527,c5d8b4c4-3026-427c-9b13-4e8870f20a49
528,3d7b86ea-c5ab-4a9f-8116-1f7203236f72
529,77cc89bd-9068-46e5-9926-3f61453b0d38
530,dc35b338-a40d-4ab4-96a8-1f1484df1903
531,025ae7d4-6f5b-4c1b-8bfb-2c200ce12629
532,2b87bc48-f213-43ea-8a96-6aebe90973fd
533,918da369-d1cb-44d8-a364-4311154e7968
534,42191722-2b69-408b-9a2f-ea01564fadf3
535,e5893204-047a-4bc3-a76b-5e737cd2c502
536,33fdf588-9d0a-438a-ae38-0f6eb9cde469
537,132b4d12-7561-4fae-95b8-f88090faf13b
538,3656c952-e5a7-4911-870a-163c46f0a0a4
539,8d7b01e6-30bd-4329-8ca8-bcabea0bff01
540,155f2f1d-3399-410b-9b99-4b2e2987b2d7
541,f9397403-05e4-4873-9202-c2871e62ab6d
542,c1aa0672-29f3-43f9-a163-587b71a9286c
543,a58acd71-0c30-4e0c-9cc0-0ceb6e23c498
544,4cc5bc11-a0a4-44ec-a148-7f127f2e4c67
545,b91078e9-2527-4048-bb28-1e0b0179b608
546,15cc3a15-d0d7-4e57-8658-043b9157d14c
547,2e23df84-3de4-4f00-9542-9797e3663772
548,692c6f7a-47fa-4380-a229-3d4f116cc1d4
549,1bcc36d3-d61d-4dfe-9178-02a5e89bd3b6
550,24bce8a6-e52a-462a-b4a2-136f9c3f0f7b
551,09fc1ddf-fc8a-4df4-8d50-9682a4cc5ba0
552,f1f03052-6558-46b2-8b3a-35d6ec50fc86
553,25dfc67b-e2f8-45f4-9284-e9dcccb910b0
554,07dbc95f-102b-4070-813b-8173193930d1
555,90fef93a-e01c-4bec-a845-b6ac3a9c8da9
556,cc390265-9683-403b-9fe5-32c4ea96012a
557,2333e4a7-4f76-465d-8363-f22182ba2183
558,e59b27ae-28c0-45d1-85fb-60a2f51d7030
559,d67b07cc-dd5a-4b92-ac7e-5bf42581b73a
560,a1339961-224e-4063-b88f-9f71d09e11bc
561,6aeab722-589c-4674-ba5a-f1cab0e7ae70
562,627c5318-e4a5-4e27-828f-3218657315cb
563,15eb0758-1db4-4ab3-adbb-35e7e53e5182
564,74b6b916-27e4-4ce3-bf64-5c1db4baca09
565,bf1178b3-17fc-4726-935b-41b780cf6033
566,a70cc1e5-6436-4956-b704-8887e2d124ae
567,ab4a9b53-846c-427a-b0ed-ef42871e0436
568,0efed0a9-988d-4236-812c-01648e20eeb6
569,4b818b27-301d-4019-a96e-893a3ad3094e
570,22cea9fe-e70e-440b-9203-a0661623a489
571,6133d4b1-f8ba-43ac-9d30-4698560cc304
572,1848a08a-058b-4d55-8f57-b34c5277daf8
573,95a62631-b2b8-4f12-83de-0c5cb738f48f
574,5aed31a2-88b4-47ed-b305-6b3b9b8a85d3
575,10cad1a2-3c85-4fdb-bb51-f1778fa1b176
576,34c4c180-3f26-4510-a9d9-bbb77160b159
577,b72e2372-0513-462a-84ed-2d6912690ba6
578,e3c31ff1-8e3d-4338-a31f-685103511d3c
579,cb888b5a-7510-4d3e-9f63-a225268aad71
580,9be0c897-ccf0-42d6-b988-98f472debee5
581,daf40a0f-e2c6-4baa-9473-d30d91d034c9
582,d1519c24-fa52-4ca6-8a88-2f7762be1d3a
583,85b1be89-4a29-4c55-9974-8ddcad7933a1
584,441f79d7-7a61-4bb7-bceb-71a01861feb7
585,fe9ea017-9bef-487a-8e2b-95543c08050f
586,7fc1f74b-721a-4ccb-9671-adfa368dab09
587,d22caf43-d34f-49e3-96b9-fa1feac9dec7
588,a6f5a2b5-e0d4-450f-b2bf-21966c111085
589,92fbd2fb-bc0b-481d-8366-663adf6cc5b3
590,1e037aec-e9bf-4509-8a8d-f984de6bfbcc
591,cf436f8a-8cab-4fb0-a3fa-37cf08e335f1
592,3f6643af-d4dd-444e-8334-8d71c200b6cc
593,fe47bf7a-3696-41ce-8501-b87962d97389
594,dc905408-1ebd-4f6d-8279-c2a11102d83a
595,30e2afc5-b2bb-4559-b516-7e00a539079f
596,3e1bd19a-37e8-4156-a8b4-5021aed5e397
597,08b1c73e-e335-4532-85c5-22a166374e13
598,b9db7c02-0f99-49a2-b507-59ddc94fa1f5
599,7a08e5eb-c667-4f49-8c30-9d2842cf947d
600,22d194aa-9e0c-4984-9803-e13e1efd8a4c
601,5e2c4299-d70d-4f44-903f-a8906b1658fa
602,d072d20f-4a39-41f9-b4f2-21c6c66515cd
603,604554a7-1c8c-4ee8-9983-d6bd284fa16f
604,729fbe46-e60d-4bf0-88aa-4bca436b5cfe
605,66309036-4539-42f6-b28e-c89a3fda7813
606,c41a8d4f-f158-46a4-b6ec-be69c1e57d83
607,b3faa838-5f31-48f6-a89d-2e7daad36632
608,1fa650f2-848f-4480-8bef-2cc7142907fb
609,8a25284e-70f9-4c89-a48d-fade730f2b65
610,31683225-09bd-4ead-8993-aa44c970df4d
611,798a6f26-16a5-4df9-8714-2a88371d2265
612,13bb83d6-8d26-4d5e-b466-dbd01b6b3908
613,bc07b49c-6eca-4592-89b4-890d8cf758e8
614,edbc2166-701f-4335-a72e-d6e057ced7b1
615,c783a9a5-d1ae-4d0d-aa14-10d7c5524cce
616,b9406671-9ff0-4507-9503-556650a03cde
617,addbf76e-750e-4cb3-a8c4-6dae7c59a282
618,bd92ba33-1478-4bcf-b6f4-93083ff18fce
619,d53e883f-6cbb-4df0-9dc7-52b7fcbb3d90
620,03a1f223-2dc4-4985-9618-cfdd9ae76d1d
621,fb08f94e-39a4-4423-b7d9-ae60a4d647e6
622,e9389bf0-c542-43ed-91a9-25139d6f1618
623,ddb67183-d348-43e6-ae4a-8851d57e2941
624,fdcb1d02-5a56-4f84-8f6e-bac7c5d4a321
625,cfb97ebb-d53e-403a-83da-9062000728da
626,8ec9600d-e007-4402-a87f-655657815924
627,d2c895b0-fee3-4253-a7c7-cdeef59ca53b
628,5741f00f-49d6-43f7-83f8-b7e1bace7e97
629,f17051b8-3577-4ed9-9f78-bed165389c94
630,1243be2d-5222-4076-b292-78f1bde907ee
631,2fbc34c0-8577-49cb-9b5c-4f1b0a76234e
632,db3709d0-6146-479f-a844-b4a03ea5d984
633,a37898f3-f68a-4770-84ea-f5c2b8896534
634,febfb29f-0e93-4b04-af81-69cd76617eed
635,c8a0dc16-d84f-49e1-a5fb-9fa1c393f7cf
636,c766035a-9f24-475c-9982-9a376a8191c2
637,0bb9aabe-280a-4d18-a72a-40578ce52c9b
638,a43fdc3f-dae1-4761-8e4f-923c255fc090
639,83eabac1-0477-41fa-902d-87dd212ef77d
640,1e0eadec-764d-452b-be74-2aa9748daac9
641,7595a126-9c04-4da2-82cd-b9dc4b8bd34c
642,cb9e0945-6f6e-4841-9d72-a2f253968ab2
643,2329deec-a051-430b-81ba-4b53967e8e57
644,73a70019-b41a-49a7-b9a8-8842a6b42277
645,7e1ed137-9dfe-47c3-bdcd-a4f681c8902a
646,eaf0f3a1-e2e1-43c5-9675-670303d8a3b7
647,383eff36-8669-4bbe-a3c3-f672c7c5f4f6
648,7faeb384-d459-4d83-949e-79b8701662bf
649,5d9144fa-a866-4331-93dc-12e26c14d4d0
650,28a6cffb-85da-425b-ac3f-98785fa3d77b
651,d7d5c5d1-120e-420e-986f-ff5abf2ee020
652,96a8199d-7286-4b70-b727-5c139a651e07
653,ef1ea6d3-d54c-4170-a24f-20cd211a4a0f
654,b80b5d58-b4d0-4d41-9fa8-bdc9fa45344e
655,14c2664b-d372-4158-a8fe-f7dece15c454
656,18d374cb-3fea-483f-9cd8-c6cf6c537d45
657,327759a1-b9cc-4137-878f-cb1f92fec974
658,43704862-2b7c-46e1-892a-fb74aecf566b
659,d1248e5b-2794-462d-a6a3-13afad7781c7
660,9a365977-7e47-45ca-bce7-8e5d6df89dd4
661,63553f55-e056-4dc9-ae09-9f84f33e72a5
662,99e3a9f7-fc6c-4f0e-8a19-ec464c75be28
663,c759919b-d088-49af-a840-6ad5528b1d49
664,7105cbb4-468c-465c-b31c-8ff44016cd8b
665,dc7581a3-1d0c-4367-9f7d-e94b2919cbd6
666,f19a4e0f-9efb-4ca9-ba9a-937a97411a3f
667,ad6358f1-2aff-4e37-91fc-17ba49d17d2e
668,175b9bd0-9f96-4ff9-bd4b-0d674e9e98fa
669,0fd11c6f-9167-459a-81c4-0e5d3d044d43
670,b3093f61-9d26-417a-a84e-8fae0c6e79e4
671,5cb1edab-6eef-4427-875c-052d813262af
672,3939209a-1dc3-420a-87b8-692dc90d6b33
673,af6dc1c6-9098-4237-bc41-c87ca7c816dd
674,23ca07ce-aeef-4d1d-8411-ca7b46753554
675,005bef5c-c088-4c74-b0dc-3031b977f70d
676,134e597b-7822-4b17-9e1d-124ce8e437f6
677,06dd667e-602e-4b20-8282-8d7aec139c27
678,2578cb8f-501d-47a0-b89e-d1ef8905ab0b
679,afbdbaf4-b43d-42e7-b93c-cc1e46501c62
680,a2f4874d-9a3f-408a-a8ec-7da9dc299e96
681,259d7be5-724e-4e5e-81d6-83a48c387284
682,a312d6cb-5625-4bfc-8c2d-727e4d1956a3
683,17257576-0c94-47e0-82f5-ff5d71fdc795
684,b1ee1293-9cc6-482c-a9bb-58632fe286e9
685,2e16b0c3-e7c0-473d-bf56-698a5531aa5b
686,a1cebcec-6bbc-4bfd-b0ba-d8a421ce8738
687,ffe4df93-ca5d-4191-b719-6b70de548c5c
688,4639a53a-bd00-47f1-9c62-bde3bf58f580
689,23de8b20-c2b4-4e79-973f-a7e259f2689f
690,92107553-3f34-4eda-b087-9f597bd141f7
691,694db7c4-8bcf-4109-b501-b742cd44e4b5
692,3ae6b74f-09db-4f96-952a-af9d6d668bbb
693,6dcf2271-918d-4b51-80d8-0d62366e4861
694,3a428c2e-ff72-4c6c-a431-2f56c6d93124
695,82e9b834-2d69-4e6d-939f-25e332a176b7
696,71005044-284d-4804-8079-0a996c15c272
697,99a2a876-3b70-47e5-83e2-1a4251b661c5
698,f8b17177-6bf5-4a81-874b-a22f95b041bb
699,2ad20fd5-3400-4a41-b978-3d961b1c2418
700,5ad864c3-c674-45f5-a256-ae94beaedc3b
701,000bb178-55c4-4bdf-86a2-80ee712cdca4
702,0ee5f127-659c-4c09-a192-8637cc5db160
703,d23dff45-6f47-49fa-9135-cc76843c0148
704,201adedc-5796-4655-bc12-0a884ef66f74
705,71c968ac-32da-4d24-90db-afd8a577598c
706,33a4d661-53d2-4fe5-b9c4-c3865f4ca284
707,45575bf1-4c1b-4ee4-962b-a14fe8476d53
708,40e15e2e-1149-4b21-852a-51671c5e04ee
709,1ef767d1-b3fd-42e1-b070-0c79c713e017
710,fdb5bb44-4739-4ad6-9a6b-d65adbe2f7c3
711,7699be36-5456-4570-b15d-5df18125d54b
712,4b2dc035-f98d-40b7-991b-1256e7a7526e
713,1d3a5adf-f7a6-4154-b920-ea2735347e14
714,3bfd0580-c813-450d-97b7-8de87d12e711
715,675d72a9-253e-482c-bbab-64672f8708a0
716,effbb6c6-56e0-4910-b247-f1101b6d6387
717,0ce09696-c2e7-4567-961a-7ea9711e4a2e
718,f8a308a7-7340-4ffb-9246-fe67fc453cc9
719,d7d81db4-b207-4c07-9231-c78ba6e6d328
720,9772ceb9-3037-47e7-8258-5aa99359e54d
721,1ae536b7-fed1-44d3-b7e7-7e4347a096ca
722,5c4867da-20dd-4b90-b4d8-65f096e702fc
723,490289ad-9ad4-4374-8859-97b2e342ffc0
724,c8602cec-729f-4c6f-acc3-9536fc418958
725,4319a491-8f65-4812-9c0e-e88c76fa1cbc
726,12b49468-3bdf-498a-a8b5-b151a8b1b086
727,0f88e2d1-cd94-4ae8-a3b1-327707d929bc
728,c1d13457-822e-42b4-b17d-500b9ff24ee6
729,97732e48-11b2-4387-a63f-9171bcd8d1df
730,bcc1ab02-6b02-4b67-a8c5-ba995c348f3e
731,69b70dcc-8973-4068-a87e-ac10a7c5a5cd
732,142a6154-2bf5-4151-84e1-5e4b65076ee2
733,e48f5103-71d7-43fe-8988-c9e389d79c84
734,9fdea729-ac30-494e-85c5-fd3232f1c10e
735,ef7ead46-899c-4a95-84c4-ee62a9c2b40d
736,c24e4f86-ad37-4bf4-b878-3df552c20ddb
737,22c98cef-fdca-4780-ad29-9add0bd27269
738,a335af96-5f66-4ced-818c-2e4ee66e2161
739,e8dc6ad1-2982-4684-b869-42c0e4b1a610
740,7581eaa7-5d66-42f4-b62e-9f5cf5e259a1
741,8737dcd6-55d4-43b8-ab1f-3cb71bbe02ff
742,8969cc15-d6a6-40c1-b917-c645ced3eeec
743,f916da9c-5a06-46a6-bc47-4c15f14e9325
744,b49b0889-b715-47f7-a97e-12b017bdfae2
745,a4cbd7c1-be4f-47f0-9d54-943558bd4f2e
746,2223a94b-2b9e-4315-a4aa-646799557f5d
747,2a642949-8141-46dc-90e8-22a551cba43d
748,6068be0a-905a-4459-bbc4-7227171b2dba
749,3d65308b-f5ed-4fd6-893e-f21b44ff8696
750,9c492a19-dea2-4009-9368-515550591086
751,819d8e97-5615-419b-a8d2-93b059ef5f0d
752,bcf7cc41-f705-43a3-8565-1cabfdb400e9
753,673e05ec-461f-4c33-8961-1bfa0af25d52
754,11588f9c-fdf5-42ab-95a4-fd03749c9ea2
755,8cb984d7-2f30-425c-ab36-ef4386eaece6
756,a92127f5-3e0f-48fa-b828-0672a0798b0b
757,5fcdf5ff-1200-4347-8937-34abe4df5008
758,5ac2f634-4756-4279-9b37-94ad7412571d
759,0ddab231-bf5c-44ee-a898-eb57423507c7
760,4f6aec2a-1897-4219-98db-878dc0f47ae4
761,0fff154b-3905-4f94-baca-c25fb1ff7dd2
762,e72cbc2c-b752-4484-ab11-1b5ca60ed543
763,cdbc2417-5acc-43ff-8187-1b250bcf55a2
764,f3d0986c-9458-414a-9f0f-c70c6b9cf42e
765,28789525-5b45-4e6a-bba8-c55626c32696
766,e22a3ced-4328-4c18-9dc9-fa19eb766aa6
767,6edbb10a-7958-4c81-89c6-628a55409c3c
768,863b2498-be4b-43ba-ae71-0433762141a4
769,0e6a89f8-f354-49b0-b585-cc78968616c2
770,1a99aec6-fc31-456f-bb7e-e67c2e092893
771,29d0d8a9-3254-47e0-8912-28da7960b052
772,05062090-3828-43a1-9f08-4b77c833fc47
773,c140889a-6443-4d67-9f81-403d38e8d547
774,d507913c-14e7-4f79-abb7-f51c7ccdc144
775,ba09bd10-b574-4c48-bd61-95232e9c0fdb
776,55df6fff-2b2a-48f9-914d-ef4d150c035e
777,18adcc77-9803-4578-b758-af26a6a1402a
778,edb18b02-33b7-4099-9697-e90e33095384
779,d3d7c758-3b37-4564-b89d-cbdc72b5e67c
780,358b2b8f-c193-4cfa-b2fd-8d8f3057fd44
781,7db08d66-a410-4032-8b21-64d78d4f2ed5
782,33f7b831-41e1-483d-a851-acaef416b673
783,d79dfb83-9b88-4331-8ee7-b63d5a4de46c
784,181c9c0e-8deb-4fd1-aebd-fcc020b9252f
785,1863d477-14d5-4016-b624-01f573273e0c
786,5fdb67f9-031b-4b1e-b85c-fb0d459344ce
787,0b8e2f0e-6236-4044-8ce8-42877c2a93c7
788,ea59b8e3-3ad4-4837-bcd5-db3bd4ae58d6
789,61223e6d-327f-4460-83fb-92a55a9015ec
790,05fde3de-ccfa-4f89-8f98-69e93deac044
791,0b687ef1-bfa8-4944-93f4-0995804d0d8c
792,45c7452e-9b07-46cd-9f88-13bd0b7e3c0c
793,b7ff9b88-591a-4a99-9aaf-f76acf039a15
794,34c06cd0-9a05-4909-ba10-4127bb56a58b
795,a70e94be-0c5b-44d7-8d28-998a10cb5e88
796,55cab834-3a9a-4bc8-b60b-fc0b65e102b0
797,006797fe-bd9c-4f54-9491-9846e46518b6
798,f3c4e3bc-d34f-4f48-88ee-33b3bfeca501
799,32840795-71e2-4ee6-a771-712688f6dd5c
800,82a597a8-ba14-42f8-a114-099920cbf121
801,4cb26242-f99b-4f1f-92ca-94fa0a3859d6
802,9cfe58cd-57c7-43f5-9e1b-93ddba7f7233
803,6c1af77e-b7a5-4f9b-95a4-8f4309803a82
804,1a46dc29-86ca-45d4-9b58-99f43d5d45d6
805,118bc3a5-a91f-4f95-a015-b4528ee6bf31
806,7a9211ab-7762-4851-ad01-a51b65134178
807,ba463cd6-dc76-4ca4-b6d5-fb2c713a973d
808,89282fcf-979f-42a8-b66f-d18fee4a3148
809,e97c98a5-e584-4946-9c8b-e7867e4272b7
810,67af3c4d-5bbe-4797-b5a4-a2220c802fb9
811,8097cb6c-09d6-42f8-ade5-54af8a757019
812,68cca6ce-8918-4d29-800f-0b3adecaab66
813,a6beb142-48b6-4124-b44f-a3668bc9c4f2
814,22d5c4ad-36d4-4475-9d2f-ae2e1f2417e3
815,b95dda55-2068-49ec-80ce-e68fe5d61279
816,20548678-949e-4025-9421-24a819f6a894
817,bc869805-829f-4511-92f5-a3424d2c5b08
818,5e0d1051-e5f3-49b5-af2a-b13c43f7bef2
819,c21008f6-c995-4cf9-8a4a-f219d4329b32
820,4d66df7c-0651-423e-96e4-5a0521a59dbe
821,228e2876-99be-496c-bd2b-20d2c37f1b5a
822,71715a77-3057-40e8-9398-42c3c2ae476d
823,6b02b903-30b3-4dfe-9279-989cef7f86d7
824,5258466f-cf51-42bd-a22a-a8c220a14c25
825,5d154c10-3c37-4267-8cba-4df75f8ce209
826,a5f6b925-ce1f-40b1-b8c3-e85cf5fa45e5
827,60ac8c80-96ae-4835-bf72-a149970af3bc
828,87573233-a436-4e45-8b1a-48ef7e8a6c5a
829,7e1a3dde-d3cc-4974-aa2d-abfb3679ff8b
830,c44d71c2-a0a0-4fda-9e65-df29dcd776c3
831,e5f3a463-e225-4281-9169-9fd8ac5d72c1
832,90fa6664-8cda-4869-afff-f84cb730b9ce
833,278c38b8-20aa-4e45-a1e7-9d3879463b5d
834,9dc23a28-fcc5-45d0-a96a-3bafa23d78f1
835,a29ea808-1717-4e3b-b129-a1aa7ee1bf13
836,8c5d1b83-6987-48f4-b5d7-314487786eb9
837,286527bc-64d1-430e-ba0c-006cbfe1fdea
838,495da437-0c7c-40b4-85a6-bd4bf88ead00
839,22cdb172-6fa7-4ca1-ac79-0bdea57d6052
840,ca4ae667-8c5c-4a59-9c44-39e3ad669b14
841,f043b9e9-ebfc-4161-a3ef-6e62d2034cbc
842,84d8135d-a98d-440b-9883-6c6507f1bdbc
843,0538cf04-835b-4742-9702-88f816f78db0
844,f7401462-5bb2-489f-90bf-97f9878351c3
845,c65d71ee-bd8f-4985-af04-1243a0a4ec21
846,7d5cfc91-0f04-4b05-8f62-be3d727f96b5
847,b8ffb912-490b-425b-98ae-9837ca4af6c0
848,f47b8e5a-a79e-48f5-a935-cd97d2e16c29
849,657b9e07-03cc-4e86-9f12-d379275b10f5
850,d260fb3c-6271-431a-8063-deb01f59f497
851,2734fa9e-166e-44d3-af08-a6b747a4a464
852,4b5b3aee-ede8-4849-b91f-97b563d62516
853,1810fcc5-b01b-45b8-a40b-1d8b41ac86b7
854,7723b3bc-80f6-498d-9134-7b7c60f01203
855,b61a8c04-9aa5-4d01-8819-ef2417e7aa2f
856,838f402d-3bee-40b8-bc9d-7642365c6e1c
857,990771f9-4a9b-4f29-bb1f-fa8740aaf378
858,48cc1eb8-2696-4492-b5e1-99ace2d9788c
859,1c3776fc-3b8c-44e7-8217-a7bc0b4a3705
860,1e64eb47-7b68-4e96-9b35-f6c5af9d9981
861,724280e7-8bd0-46c0-a1d6-d7359dc9e58c
862,2c8cf504-ca7e-4930-8273-b1c1a70b70c5
863,51810a8d-b9d1-4f94-b1df-16f61fa050a2
864,84a5d5ed-bdb8-4c4b-a6cc-d3a2ec1971df
865,c54cc3dd-a296-4a58-81c6-db8a79b08349
866,51f16dfe-cd8e-43b8-a6c9-d29bed0e1f10
867,0f398270-a594-410a-a7af-86b91a514921
868,54d64fe9-9b87-4b8e-8c36-0a7b3dd79072
869,d11e9da4-b1a6-452d-ba4b-050c859dae7e
870,4a066eb5-48c6-485c-8ea5-4674605f13da
871,bfa3602a-f464-47c2-99f5-b4e488e6e0e9
872,a61cbcf6-d6fe-44f4-92df-e875fb5b1117
873,6df37cd6-3dc1-4ed3-bf9d-f1decc074d5f
874,d1fc0722-72e7-48c3-9866-eb1f54199473
875,da93b18e-27e3-4698-8971-817f9644644c
876,44bc4ad4-6353-48b6-b5de-06eb8a5e3ae2
877,6a07deca-4265-4b94-baa6-a3822fbd613c
878,a9c745a3-052e-47f1-abf5-a201200e2f07
879,788cb8bc-646b-4f60-9452-2223fe62a80c
880,7c1aba9c-d742-4c80-905e-1eb88b6ecd34
881,99094168-6bca-4a8a-85ea-c89c6e00b6f6
882,2bc042ad-b246-40ec-881e-8273bc4e5762
883,4fd7ff90-1b15-471b-9191-36592758b4b7
884,29a5e34d-6aba-4a12-bcaa-0bf93ead38ed
885,59c30782-ac7d-4ac6-b2c1-432add35c16c
886,9a7d7bce-5739-4cf1-827b-1951ada0e10f
887,e7068f8f-966c-4f6a-9185-488f725ce831
888,7efa517d-c1cb-4629-9505-d2f30afc83fe
889,2ea4cf97-d8d8-48a2-a6b8-f493b0fe9d5c
890,4ae4f939-c1ad-4c18-a0f5-f5c04220c938
891,24fde119-eb8f-4b37-8a9f-97df3b920a99
892,2b73d58e-e195-453f-abc3-354315351669
893,dd712e7b-38cc-4b8b-ad8e-70f810a2c838
894,fc14a7fc-c635-456b-8be4-52b0048dfb24
895,844fa79f-849a-4d95-ba60-1279a5732c71
896,78880f3f-b12b-4f67-954d-c46d65d2bb89
897,9299cadc-b3ef-456e-bd44-18da95200de9
898,58a56d7c-9702-4c3e-a48d-5ee6516e5fc5
899,23a134c7-2ba8-4187-8c4f-f0f8b0991b72
900,467553c1-bec4-4399-9e43-de264ff45e47
901,106e0b19-a6d2-48b2-b30a-cf4a050645bd
902,47305586-f289-48aa-a086-55a63b96de8d
903,cc06041a-a792-4476-9d7a-3d4d70d5f9de
904,88f44d6f-f798-412d-aa91-e8299bf0d0c8
905,237e2e0e-5451-431d-84df-43c727b6beb6
906,756f5d24-bcc2-412f-856b-2f807238e23a
907,c40dfba5-a3b0-4bec-88b1-33940123c6fc
908,74c0a09b-0e57-4602-bff0-1e4f88c85ea9
909,cca70f8b-0740-4eaa-9555-e7ff9822b4e4
910,c6c2aa08-4b50-42ed-b8f8-2edd2f05b724
911,9b2a7756-040d-4335-b611-85fbdd111178
912,84d963c6-b337-4a6f-8359-d0535b885c42
913,ed0ca330-dc1a-4d40-9c16-ab800d2196d4
914,cace9811-f2bf-4392-b348-8f263e91828b
915,27569992-c794-42b3-abf8-4986cf7f4834
916,3dec5395-afe0-495e-b495-b1b22fe98683
917,5ddddd31-3e12-4aa1-8343-ef1fa8d7556b
918,c7cf2633-bc16-4381-bdf8-447b154a7fbb
919,edd9e071-5b16-400d-9e40-20113082e6b2
920,4cba0517-6258-4502-92d7-f6b52b61bedf
921,e7202064-df86-4fb4-af13-b8b8bc3b4535
922,2528a504-eb5e-40dd-a6a0-f6517db6dc45
923,33ec62ae-3053-43bd-b1a1-f69512504d3e
924,91ebf893-463c-43c7-91c1-49ab3717cd06
925,5c58d6cc-27e2-4081-b703-d0ef3896bdc5
926,7b3499f9-6d1a-4dda-b582-0409fb1711d6
927,733ded40-dfcc-4e68-8593-9852e27c21d4
928,a59a11a0-678a-43d0-a895-003d023a423b
929,a1dbe9ad-2c1d-4378-a3ce-6ff175000236
930,af3c5156-fa2a-4a75-97be-cf10e330bc68
931,adeba348-9ff8-4c6e-b77e-26402f4284c2
932,a898128f-307a-465d-a668-b4376db85bc0
933,313ad747-a960-49f3-a5d4-6171a3673783
934,6e394ad2-c12b-437a-9310-032014da08e0
935,cc76084d-3ce3-42a7-9b81-179f5a583d1c
936,f9112e4e-172b-4511-865a-45f31b0c5823
937,0104011a-4577-443e-b388-a39fdaa4e06c
938,d09252cb-3353-4e06-a89a-d9dbf48b8327
939,8450bd43-a27a-4af2-a8c3-dd44792624f9
940,6bf270eb-0e04-44c0-b837-05efb19f65f4
941,a886728d-09b1-4467-a146-55112510e2be
942,dc37afd8-eef6-49b4-a235-ccbe65c455e1
943,acf0c3d5-f368-4e3d-9e3f-38f601bbd87a
944,14fb1d1e-1cda-4305-8b90-f685d3d708fa
945,07d563b7-2f3c-46e5-bbdd-e41f7f5c3c8b
946,096667dd-b9bf-4011-b853-1848ab45d6e4
947,2ff77f12-ac09-41a2-8508-9890fb0987cc
948,d3b72eb4-684b-4173-ba5c-14c15ee5f8a1
949,e86c9bcf-0835-4e2e-bc72-68a925675f1b
950,586cf0d9-ff6f-4605-94fe-b261df9a39d1
951,b0d9e9cc-b0a5-4e58-8694-f0d35c2bc8e1
952,d18ea7d2-cdb1-4b4f-bcf6-80115e1424c0
953,3db237b3-6ff9-4654-a1c0-1f1e5e6815b7
954,d165e12d-d3d1-4785-8062-0c581ab68799
955,5507521a-8044-4d53-b950-5898d9cfb014
956,23a13540-bb37-46fe-a3b0-14272cf53c7f
957,6be6d804-2e67-41d1-aab0-52db84b372d3
958,f5f00808-2f06-4b33-88eb-504acdd3ec7b
959,d445b487-8b60-482e-b525-166f7d177ba8
960,9185e9d1-4118-433a-ac8d-59358dfaebad
961,fccf51aa-ba94-45e0-8d20-b8ae308163fd
962,ed9c797b-3d31-4ddd-a5c7-db3ea1ea9f9c
963,48b3b453-2af1-4922-8bd6-298111263a9c
964,4387fa85-fd7a-41b1-90cf-0ab62ed32cc7
965,218534fe-b010-4491-bc1e-506f7e10eadd
966,66799522-8aa2-4c9a-83e2-637bd5077be2
967,3476465e-0f02-4f26-a983-af5be2310df7
968,5a3230ea-314e-4c2c-9777-35f49a20c7ad
969,62814562-f358-4cc4-8454-2acc9a41f9ef
970,bfb499f6-4333-4cd0-b200-67e72b4f6b06
971,0dc0fb79-db48-47b7-94d1-398d719748ed
972,4271cb89-40a8-4866-849f-1efcd32d3762
973,83c34884-db2b-4961-bac1-1004ac8d1e70
974,3fcb9b39-bc22-4ee8-b270-fc976bb6145c
975,44b4fb75-732d-4b64-b63c-72682822444b
976,c06cffe9-1ea0-49f0-ac3c-812b333bd13b
977,fe6967e9-8f0a-414f-bcc9-229ed3dd44ac
978,6e255724-fac3-41a1-a8e7-c353569fc515
979,045d2eaa-077f-4133-a774-b1352590bd1e
980,f375d0d8-064b-47ca-a8c0-8137409a0d64
981,99add9b8-8006-4023-9449-fbb82f516c67
982,c78b0652-0d6c-451a-a5b3-c44da7154f24
983,d452f6f6-ccc4-4992-8e1e-8506d4d549fc
984,a3934416-649e-427e-a5b3-6922737e0975
985,8c7efccf-888c-4781-874e-8a1ac78be800
986,d3bd5c04-488e-406c-8279-d7bb2c4b1bdb
987,28719380-912a-49a2-a00a-30e6fb6227f4
988,3e436914-3d03-40b2-abe0-6e883b31a7b8
989,aa632982-7728-4a98-befb-0b76dea22d13
990,56626a6e-2736-497f-972b-f77715910101
991,c969907f-0a56-431b-a067-e495144126c6
992,0749aead-08ba-42ea-bb0e-93b3b6636227
993,095a2668-585f-4f35-b056-5a9b8f97a095
994,17f490a4-58fb-46de-9de0-2b8e48552023
995,6b921c7d-b493-4183-8205-932e4bf113f6
996,9e2bf00d-75de-49f0-beb9-09f69c86c1a8
997,7cd4d5f9-1d7f-4276-9277-941fd72c6624
998,9b8f40f2-7a29-47dc-9c56-6cf67aa93f77
999,1bcab397-9405-46e8-816c-bd40a3d7d75b
1000,67e63863-a3ed-4b40-8b36-a0d2f37a9045
1001,1aabb3dc-fe82-4d1d-a4fc-afeb58a1aea4
1002,834cbac7-8fa8-4555-8414-57274b6af798
1003,68314f87-2e10-4b96-820c-4ed8c156321c
1004,950e7aa6-5071-47cd-a003-56a456150d81
1005,28a7d00c-509a-479b-bbb7-86340a433c34
1006,67c8735d-1807-4a54-98c8-b8d94dfdbcf3
1007,895dbec1-6e22-4a11-9bb1-a0f175d6f3e0
1008,6af2057d-3f12-4ced-8000-a120d693f069
1009,fb8459ac-9eda-418c-81b3-aa684afee8ab
1010,10d542f8-d7ff-40a9-aef0-eb1d4bda4bdc
1011,bace1faf-f864-4240-b955-8cc2cae60a26
1012,1f476891-6499-477f-a2a3-99a2bf8718c7
1013,6306d2ec-96af-4094-a5be-7764723f41b1
1014,5287f68c-03fb-4f4f-8180-8da066b7b9c2
1015,cdcc9714-7672-44cc-9ad2-2c1023e57e2d
1016,a1b018a6-b718-4418-9d3a-492536f79f2c
1017,c31e3d11-6736-4be4-ba25-3c6badab712e
1018,05ffa905-1796-4406-a45d-87b85796b993
1019,04401723-f6d3-45d9-ad58-fa07e7fcaa64
1020,31924dbf-63df-4702-bd36-5444756562ba
1021,83be3ba5-9cbf-4e65-bcbe-8350a96ad232
1022,c586da49-6cce-4299-b928-ebafdb21610d
1023,f4d5a2a5-3a4d-4bec-8db7-b756c671b808
1024,6064810d-556f-4aa2-898f-8a36624373e7
1025,ce6d4a7d-df42-4ee0-a464-a9cc7b6ea388
1026,def64ff6-3600-4a11-8d28-dfb29c197b67
1027,7dc44e80-1450-4630-8c04-33fd948292bf
1028,f4cb1813-1ad8-41d6-b85f-7e9273c9ba2b
1029,2db78874-e1eb-4ebe-a2ef-6f8e0fbca659
1030,19cf4812-e9a7-445b-b400-33df44e0c6a3
1031,89a6b6af-15bc-457a-8fb2-43fb8fe50607
1032,e89b7628-160a-4a16-9575-dabfddcb03f6
1033,dabbbfe9-6186-47de-bbd4-7d028fc44a55
1034,95a60500-9ac4-42d6-b49b-ce17361ee700
1035,ad20bd5d-1a17-4fce-8b89-9c14d368814a
1036,481aa026-5a86-42c3-b01b-f549e35ab8dc
1037,446ef46e-f855-4761-a0e3-4c57420692fa
1038,6f71b9ce-7093-4693-83a9-a7a189176448
1039,9c81d5cb-38b3-4f0b-b5bc-a1ecd5880c5b
1040,c2ed9572-d412-4f9e-9bf1-f103b8a1c631
1041,50263d00-66bc-4fb4-8d8e-a92de2c05a08
1042,1af87559-35bf-4418-a5e0-8664077607db
1043,3925af5e-ce84-4473-9486-ef7ab124fe80
1044,6e6cee7d-94f1-47d0-a153-24955e7812d2
1045,be05f58e-1882-4993-bc8d-6ff44d6561eb
1046,5f7bea23-3325-4dd9-be3d-e0d374d3cfde
1047,d36279d6-c6d6-4fde-82fa-d2a7a2a6cd68
1048,19535d89-1dfd-4fac-9405-a765575e9795
1049,e06f2f8d-b838-4b5d-8d22-29437ad5b544
1050,93cbed12-86eb-4bba-8418-942660970a2e
1051,18292a04-7dd8-4359-87f3-e67d33ad1473
1052,b11d47e3-9313-4412-8d28-e6b39d5f98ac
1053,631efa27-e9fe-4efa-96e6-5e9917d8afdf
1054,77db4703-09cb-4c74-ba9b-398965a06b7e
1055,7d87e089-3a33-459d-a832-763104f1ae01
1056,f36893b7-155e-455e-a5b5-262dc8d73282
1057,0d96a29b-21a9-44e9-a55b-973200e3f3c1
1058,b08c1b13-63f2-4aaa-8d2f-e81e71ecbb4d
1059,a4d5c6e4-ed4d-4811-b758-dc9948274482
1060,d75fb5d7-e260-4095-97f7-971df8cce754
1061,83f0b493-de8a-4dda-bd0a-19529a2f56cc
1062,b17bbf8f-67f4-4fd6-b85b-9e6291300208
1063,1bb9a2c5-9d1b-47be-8322-0733639a7a51
1064,0edfad82-b330-4542-80b9-4f017d0ed7c2
1065,d1430856-7c4a-42de-9299-b1be4b00fbfb
1066,ffad9310-0f2f-483b-8a37-b88a3bd28b0a
1067,f382fde0-9824-4a58-8190-bb3238fa78f8
1068,1afb2516-8534-4a44-b9e8-17fc2723e3e3
1069,a65f6e1f-d888-4c21-9625-b46b7980cd43
1070,6ad58db2-71ff-4d4c-834e-dd5d86256a22
1071,33215746-d654-46bb-b776-4f455cf35d7f
1072,51a67a1d-6b05-44b0-bce2-5de91d5d76bf
1073,6a8f2eab-05d2-418b-92fc-5b4701ba2d45
1074,2f06a3c7-ff3a-4ccc-8b98-06c50a7c3c60
1075,89945f8c-6b12-46b4-a0b4-9a0dfba034a8
1076,eb3c79fa-dbeb-44cb-b172-9c88b1ec50cb
1077,9cacde22-470c-42bb-894a-41b137d3600a
1078,d1454df4-2219-4d95-a970-ccb452f938c0
1079,2840f03f-14a7-48c9-b51a-44ce2380cf34
1080,df73f1c9-da8d-413e-87ee-ec55f2565d02
1081,cfa4a9b0-cd96-4ba7-bbd3-3c79802ea63d
1082,dd99721e-a891-44d5-8af1-f0975139b3b4
1083,de5d4bf8-d232-4cc2-975f-eef3ca03cf11
1084,a496bca5-94cb-499a-be25-fc412c3b6d9d
1085,07feb6ad-f01d-4388-991c-747955fd78ae
1086,3187861f-efd5-48ca-be5f-872bb2ac87ab
1087,34c61ca4-eb5a-42bc-ae4c-4308af8911d4
1088,2116b2fa-3561-4fa6-87f5-59d4f127ae2e
1089,378141cc-5314-4490-8fe7-35eea541b7f3
1090,16d9b1c6-4ba0-40b3-92c9-d0e2e8852110
1091,cabbe24a-1bd9-4a0b-8ada-904e5bb34315
1092,b6acd7ba-90e2-48aa-9a05-16e538fa864e
1093,d2df520f-42e3-4113-9055-e814b1389536
1094,554fa634-2d7a-44de-a28e-acfc375b41ae
1095,110d2a84-f485-47ca-ad0c-3c280425c2aa
1096,9e362390-74ef-4760-9034-0d90e40e8c5d
1097,7fd8bc5a-73f6-4e37-a670-107d78df6fb8
1098,3ba0eba9-3ee1-459d-94cb-9ff6edb80179
1099,cec3d624-d3fe-4a20-a7d7-e9a223b37147
1100,81dd2956-e0a3-46b8-9ca1-4454d1fdea2c
1101,9a7076f8-3b17-48c2-8d0d-2f87fa6083de
1102,c559b8f7-4be0-4b3c-b834-2470e2370c74
1103,119b5dd4-06b5-4c7e-aba0-79f28b0f2147
1104,dd76b6bd-d33b-4f02-ab45-7c4ff182a790
1105,c9d94eab-de7a-4a06-8223-417db742f67f
1106,4a6500ef-6f14-4f77-bbf9-8c6d253e73a3
1107,bf29967f-2195-48f0-b961-261b6cc68ae4
1108,291cef9c-0173-4c3b-ae88-ef16257135e8
1109,de8b41b2-3db1-4439-a3d2-a09a2a153d73
1110,3abf9c2a-d4d4-4934-8077-d50a86ad8762
1111,99fdbb24-3c23-4762-a62b-6c33e48f3aa5
1112,3308b806-6e1a-49ad-9847-23afb9b5aba2
1113,05a34944-2c83-42d2-ba40-9888099cec64
1114,9cee30f8-f18e-4c29-af0f-ee32e0e9f60d
1115,5592d4d2-06d2-45a8-b479-da87f62487dc
1116,002ad0d1-a7b2-471f-9562-c52a18485e4d
1117,149903d8-f0a4-43af-86d8-b99fbec5a35a
1118,8d8efef4-978d-4682-9454-e01d162c8c46
1119,b89ae34d-64c7-4e37-be0b-b754ab02b1a5
1120,fe34eaaf-4af3-4b78-88e4-38629ed44d24
1121,efff16fd-077e-416e-b40b-54be08a228b1
1122,b5920df0-391e-4d7b-b2cb-961e3f503851
1123,c5228d7e-2bcd-40d6-a609-0177db9b87d0
1124,306cdc9d-b2e9-47b1-9a73-6000f832c209
1125,8101479b-88ed-4672-a7cf-17a5eba7b57c
1126,015f124f-245d-4aba-82b2-d1d1c0b337cc
1127,8e479652-af07-47bf-950a-3c328d76d75f
1128,4e2c70c4-90ae-4be8-84a2-c22ca1cfe39e
1129,9f7c50f0-27fb-4692-bd84-fdc103e2edc6
1130,abeb7374-27e1-42c6-a5d2-228e5381af3c
1131,05c52074-42b5-47ff-9082-89a006e5a2a2
1132,823b7973-ef6c-403d-b8c9-87a77982acee
1133,e40df125-314d-4dc0-b68f-c821f0c78aeb
1134,89a39394-9962-40b8-8eb1-316b5032ed82
1135,9210682d-e7ca-4c2f-9b40-afddb7c0481a
1136,c149cda6-570a-4dee-ae0f-142c5f600b8a
1137,d0d9c79f-9489-474a-811e-b56cdd6bfac3
1138,291a5195-a545-40f5-9cc0-fc1072d07862
1139,52f54a21-9c8e-496b-804f-e60250ccb396
1140,9af92289-91ba-4cac-8b1c-b9969a99ea55
1141,43862f18-3981-4da2-a185-9d9ba58b223a
1142,42d20d0e-251a-4071-ab70-738609aaf234
1143,62885d66-6015-4820-a346-f92920495338
1144,2b94b15f-12ed-4dd5-9a5a-9301bf5bcfd5
1145,86434611-e4e0-4ddd-b0a1-7620de1119e4
1146,b23667ad-eb64-4079-b311-4713679e00a8
1147,fc97a87c-d828-479d-ae8c-011a2d1fd8fa
1148,f276b3a8-95b5-4597-85d6-31aa36cc6085
1149,f0d19078-c36d-4599-ba5d-c16e1ea817ea
1150,d9412c61-ed4c-4d33-90ae-d41ec87f9094
1151,b1e0b397-e5e5-4c3a-a26d-89ed0c8b8bef
1152,d784ee60-7d73-41c0-9160-b280c24c3f2f
1153,25d23398-be27-4e71-acaa-6d5b0f9a5ccf
1154,b9136233-3f0a-4bfd-b468-7efc7ec9ec0b
1155,24e707c0-8a88-44d5-b96b-acbb305c3a57
1156,d34d3a4b-4967-4503-9e74-28f2f6d54d55
1157,2258dc2c-9348-4596-923b-094386433f11
1158,be76b992-6a95-43e3-9c02-71c41f5ab140
1159,07d5496f-fd89-48e9-8a4a-e19bfe1429c1
1160,94316958-a53e-4e81-832a-7fe7e146ccea
1161,31a6aa2a-90d5-4386-b873-a447f37d52c5
1162,101a1f60-fe2b-400f-9387-ffc2e548ae29
1163,eb0d1385-96a9-4bb6-83e6-38b0a85abd56
1164,3018a6dc-1f8e-400b-a4d8-3636c0ec0c0a
1165,363d2ed6-efa0-4e64-89bd-b61ce8317fb5
1166,c8e29dd7-0c01-46a0-91d9-2ecc391e6dc4
1167,2b5305ab-ba98-4e80-8090-e57becc6f91b
1168,20dac32a-d381-4dff-a580-31eab06031d3
1169,46e1336e-9c5d-4d43-84fa-6bfa9f6fe0f5
1170,5375a06a-b974-4cd1-9d47-9e77832b969a
1171,e5728e26-2e52-4fa1-8d43-5e91367c94e0
1172,cacf885c-a910-4f55-937d-89fc1290cde3
1173,178266d6-756b-43ee-bf7e-84efd63c3ae5
1174,8f1f3449-e22e-4469-8335-1b286f6f53b5
1175,ce7064cb-9cb2-4b01-8a63-648d62691325
1176,d60826a6-2f43-42f6-a56d-1255b4d4f7ba
1177,3b8c75d1-132c-43dd-a545-8bcd2af665c3
1178,cd53e6de-f040-404f-96ac-0308fa47a8f0
1179,32fa524a-91d1-47af-b3b4-fee82b51b85d
1180,746f05e2-57c5-4ae2-a519-86c1d636e0da
1181,104857c7-587d-4625-bc70-97c85656c1bc
1182,9851d962-95a8-48d8-ac0e-57101e01bd30
1183,60c37a81-2cc8-49ce-8eb8-89b81544fef8
1184,2ddd15a8-1e01-42b1-8359-c416ee3961e2
1185,f00299c2-59a9-427f-b2cd-b29decaf7d71
1186,727cc855-f10f-4d55-a02a-869ef34f6f86
1187,5dc84371-f81d-4ccf-8d05-1e149b71c162
1188,00fba2c2-0fd1-4461-9044-4ababac8384a
1189,8f457599-24fb-41d3-9c44-71c9dba62f62
1190,1c60355e-b274-4531-83c6-8b6d24c9de2d
1191,b2aa463c-3adf-46d1-8c1d-51a4026338cd
1192,f1603b76-08e2-4249-8887-afe9e34468d0
1193,e48abd77-217a-48b8-9840-19f230c4e771
1194,6f1b7ed6-d82c-40a3-98cd-f6177e5480ed
1195,606c0ab6-a7a4-495d-a52d-4f4d681ba930
1196,6e8595b3-efc7-422a-a75a-36477316a5f2
1197,4c74a107-7513-45e9-b41c-da61adeb0cee
1198,6eb0f00c-ba26-48f6-b17f-0fb7975a0fb3
1199,edc78ab2-7f59-4a0a-885b-13d0b0cb4948
1200,0d7edcd7-0921-480d-8291-5dbe1b2f280e
1201,f3fb5011-1296-4288-976c-34b797c79e25
1202,3d84bd90-5eb2-4925-b559-21acc0b97633
1203,9d3e85ad-413a-4729-aa4a-75956df67e3c
1204,ad8830a5-7d24-4923-a80c-24ad9cb47639
1205,d77e5f80-7f29-4a73-8eee-3accf6f710ee
1206,8e7c96bb-120e-4f7c-b790-a58dc682747f
1207,d3eab9cf-7568-4d3f-bbb1-a413c8e28ef8
1208,3d000564-667b-4c27-aaf9-e05ddd6795bf
1209,30c7f748-9ee1-4615-bc41-4a44e769485f
1210,8b448b85-1ff4-4807-8179-94144763e1c2
1211,6301d026-2a5e-441d-a288-dcac1f1b6ff0
1212,ae1ed368-821d-43f6-9628-7ee791138aae
1213,0a0b8bf9-110a-461f-b13e-d6f06638d7c3
1214,0b9258c5-4e62-448c-9c41-5be61bc99814
1215,44e6ab7e-1028-4cde-a54e-b5a2c7361eaf
1216,315c9da5-af91-4cdc-8aa2-0f9831142298
1217,a39e0707-8309-4d54-8afd-4382bd88a106
1218,d9c31723-70ed-4f88-a867-7f3fdb2f32e5
1219,cf77067f-eb8e-4a7e-a1a9-0dafe1cddf35
1220,07ec2416-a84c-45f6-98ba-c8dbebd7234a
1221,0df177c2-d699-4184-a173-9844ce322f1c
1222,7c9b50c5-56bd-4336-b3ae-64d2fc8e8eca
1223,9cb39a46-d2eb-4e64-b8a7-ffd47af994ad
1224,1ff1f066-e292-4bee-bf58-ac3650f42d4b
1225,adfa4a69-f622-459c-b6f5-596fd5f107c3
1226,1b8a1e0b-cd48-452f-afc4-6a4f4c0d48c1
1227,fdbf4ac3-e003-4233-afcf-4331fdce0636
1228,e6ce28e3-b46e-414e-abd3-523da095eb7d
1229,59644c55-7ee4-4e09-a9f6-3b1013448c3e
1230,64201ecd-55a5-4bb0-989c-eaf37ac074d0
1231,76f6026a-27f1-446d-ad6a-78e4e2b71fd7
1232,1c0215c3-7559-4674-b38a-ea9bcbd800be
1233,a45bb387-0d74-4bd3-8bfd-c9b5f602b7b8
1234,498e4c53-c02e-414c-8d39-4607296d0ac5
1235,682ddf3a-a94b-4c9b-a915-86d9d58f3ebb
1236,bcc9347c-b6f5-4220-ab0a-ee21de15a684
1237,ef2dbd61-ed16-426f-9c06-92c778d45db9
1238,b40a2a18-8740-4057-9fd2-c9b2966e1cf5
1239,3f27c5d1-ab12-4bf2-90bc-ebf15b7e2f0a
1240,ca4810e8-6900-4e6c-bf3b-d20b30a406f4
1241,649b2b0a-f04e-4e8d-848a-1cf204ce785a
1242,661c896a-3403-466a-988d-d14a928fe772
1243,dc12fc24-bb18-49d8-9bff-f0db6bb2851b
1244,af1d641d-5c8f-439c-ac86-f5c7fe938288
1245,e6113c19-aa35-400b-a89c-5a7afd67a4b2
1246,a05bb306-5dd3-4c14-9b1e-c088f4c40c81
1247,6562a711-98c9-42d5-b980-099eff38406b
1248,e50c4c93-263c-4dcb-8bd9-59e523ae493f
1249,b5a6243e-5155-4076-a81d-6e3ee3638741
1250,469ea60d-bd4e-47b7-985f-3f1d0b89b298
1251,0ae2e4e2-105a-4128-8869-31a2bca37aa1
1252,6ba43824-544c-465c-a06e-1a166cb47497
1253,5576d1a9-c041-4a77-9e7f-c424f8428476
1254,6fcf1b81-2f8d-4b40-bc01-22a424fe3923
1255,7d3e16b0-4107-4370-951b-c6663a1442ba
1256,6cd20e16-cb8e-4c30-a5bd-9705ce7d8d6a
1257,5f299d95-86f6-4988-ab9b-afc718902f80
1258,4a3e48b1-40c3-4ee6-a863-ad2847449598
1259,6f655070-e663-4f32-a166-1fe38c8f0a41
1260,0411f25b-6640-438c-ad5d-b84d57d7ea9b
1261,08f059c8-aebe-4cba-b52a-b265311e7c62
1262,d4a3977a-6806-43a4-88bd-5b6e0b6b729d
1263,42ceb66d-be46-42c8-b940-09f3c3611db3
1264,75f3db4b-2c99-4e1c-9ab1-4b13a55dc21d
1265,f8bd42fd-de79-4654-b222-5966b88ece3f
1266,22e68733-c1b2-4ac0-bb3f-8b9dc80ec31d
1267,a6090292-16a5-4d19-a785-0b4dc83ce25d
1268,f3938973-133a-4545-ac21-8c836a3ac6d1
1269,6b4b1e8a-b943-49cc-a419-9efd25a97466
1270,21534035-2e52-448b-8394-f9fe7f6df848
1271,f613f335-20da-4a1c-8545-e3d2f0778c33
1272,83ee0b10-c779-43a6-8896-eabccc3a1ebe
1273,9a7b3bf2-7af3-4b2d-bbbf-77c7d14a5780
1274,aa2192a4-967a-4e38-bf95-d925a4e56ce6
1275,b42cd235-3e3e-49d7-a653-ef3ff6fbda09
1276,39f99bbd-aeb9-4a32-afdb-0c6f017dd981
1277,49b73712-21b1-4162-a9ee-d3afb94fb7ed
1278,10ba80cc-e48b-4698-a761-fa1d2f8fca03
1279,0db20d96-1cb3-46ad-8844-f118f860d2a5
1280,cef70d36-33aa-4db0-95d9-8dc80dc03295
1281,4906985b-b12b-4544-b3a3-4f6362bcac24
1282,356e4eb7-9ce4-4295-9472-655ea3764a8e
1283,33ae034c-899d-4893-9164-a03ae227c08a
1284,895d43e5-0e25-4e70-b67d-54ba11f1fdb5
1285,226f0bc6-dc00-4013-befa-0bded1ebe946
1286,9c465e63-932b-4107-b002-8db18ce7fdeb
1287,2516149c-771a-47ac-af26-f12cd819dcdd
1288,66957331-4d1f-4575-b454-c91e08d242ee
1289,ff96ddc7-cafd-494d-aa9e-17db1688ef8f
1290,266972cb-7373-4aa3-993b-28349ff35790
1291,146422ba-b038-4292-8e9c-80421574542b
1292,e6f8d852-2127-41a3-9757-05eed5a982f0
1293,599ca3d0-bfd9-45ca-ac8d-da3f994ef8e6
1294,605d076b-9cac-4b32-b80b-47ac43f28ad1
1295,634642a6-c5b8-46be-85ef-9d84aae497a7
1296,2b87f3e4-758c-4a2d-8b26-2d2641baccbf
1297,f78a05f2-9539-4785-a36f-cf6c0b3fe89f
1298,0f1d7d99-2367-4fdd-89c5-f6245c3d07a5
1299,59d4d4b3-aefb-4dd2-a9b2-f6af93442285
1300,5b24092f-64e2-4f08-a1a9-f9eef9a9ce8f
1301,6953d388-186f-44d8-b34f-d7b6942bce38
1302,49977780-c454-4007-8489-b1f2063bafdc
1303,b1a7d6d9-679a-4d67-8092-f572c3a9d94e
1304,a28e457d-5ed7-4144-b59c-ea2451083131
1305,5451ad02-320c-4886-8eac-1d5d3882ed3e
1306,6a55151b-cb63-4e10-bcc3-7ff55487c3a1
1307,d6064293-81af-4d40-bd96-98602d8f98ec
1308,54d8bd04-bd14-4b02-af25-58f6f2fb9a3c
1309,7f2484b2-540d-4dc9-a6c8-176928cdea7e
1310,5c7ac306-78f1-43fe-948b-fc394a0ea95f
1311,a610153b-d8f2-4fca-bdd6-32ea9b422b18
1312,ebab6b9e-29e8-482d-836a-6a9159b05477
1313,c57434d0-ec06-47da-abd8-6c2081e07266
1314,1a1a2f01-180c-4bea-b5d1-77a4c7583b95
1315,b8045abf-cde2-4b9a-8290-591e3d9cefdd
1316,3773c08d-fd7d-460c-abfa-c79c95f296f5
1317,b0249ba9-476f-4708-a1f6-6387fc5fc8dd
1318,80c34d05-73f0-48f7-8954-a6b5630cee3a
1319,323497f8-0506-40cd-a413-42c028f9221c
1320,2970ad9b-249b-454a-a850-bc8d90f2ad43
1321,8ecccf65-b395-4b42-896f-134ae0853f64
1322,a47ac77c-279c-4fa7-91a6-3ab1a5544217
1323,b90cc55a-73df-459c-ab98-f3678dc465bf
1324,62d68aad-0448-4b5d-ae30-9caf9272df01
1325,ea880367-a091-4f68-96b5-79d77085a542
1326,66d9e2ae-2744-4c77-8718-84c72e5b1ea2
1327,6badefa6-c001-40f1-8089-9bb3d9b5b00e
1328,cde3b947-1bc1-4e1f-82cd-951624031a22
1329,b00ada87-ed78-4910-b900-79dec71c4d68
1330,f40dc73f-0a4f-455b-a2d0-03fda05a5e93
1331,2b27270d-7669-4db2-a616-960767fecf32
1332,2ddfaf20-7017-4e5c-ae9b-90fe05fa6320
1333,6ea3f733-8e80-466b-b293-aab9e7a4b0a1
1334,5ce5ed87-5410-44b4-bc36-3a2dec4c0778
1335,df1316e6-212f-4b3e-a809-be515c2ec744
1336,a3b3ac6e-44e4-4253-8a52-6dcd3f2b1d47
1337,9ad9db5e-c8b9-430b-905d-ab2509b53c92
1338,938155f5-4adc-400f-ab0d-f92ea18c4534
1339,b02ebf41-4760-4e96-8010-5be2510e1c41
1340,4d506c22-1455-4baa-9334-60395205d69b
1341,f54ff5c4-bdbd-49bb-afc0-8a5d24dde1f4
1342,a1c1ef3d-a0cb-4695-8a9b-b9fc6d554086
1343,ac9dd41d-c453-4d8b-8d2c-6f870b5181f0
1344,251a04b2-bd47-4151-9e71-0f0ddd9b9129
1345,9e18eb66-a2b5-4197-a7d2-7ce67081befe
1346,70dcbb58-243a-4dc5-b654-745b8901291a
1347,c134e30e-5a0f-4a04-b3a2-a71f82386842
1348,db4cc080-70a2-4c5d-a95d-dbb544459382
1349,fbb76391-89d4-4d4d-940d-834965239332
1350,648f8d79-7edf-440e-8bc7-4348ef3dd9e8
1351,d24e8532-b40e-4c03-b5b6-0727a0fc43c2
1352,3a75a7b4-2c1d-4b29-85cc-46309b096fee
1353,f2eac8a2-85f8-49c3-a714-b6d837878bef
1354,99021f3a-b609-496b-a6ee-e0d08f31ba75
1355,f23e4c5f-ba87-42d1-90f9-49ccf164169b
1356,c6616d68-5eeb-4c8f-9c72-16957a1a7772
1357,916fc4e9-76cb-4e53-a25c-6ca32f65299e
1358,6363dbf7-9482-477b-ab3f-5873243aa775
1359,52427754-33da-4c85-9250-6d02a0ca6d6e
1360,b2661180-9f1e-4288-b6c0-446bb28c3c26
1361,160a8fba-9605-42af-bd31-bdd1fcfec2cb
1362,66e33c52-5a3e-4ea5-be60-cb7fdcfc830d
1363,c7d3cac2-3c79-49d1-aacb-3eb756b32f3b
1364,6ec04ec0-da8c-4e74-9607-61379cd6ecdc
1365,7019345e-31ac-40e1-9072-2fb725c9a12d
1366,9b6313ce-49df-41f4-b919-8c76242c3910
1367,96a7c0c0-5492-47eb-926f-175862fe0d70
1368,529737a7-4f1f-419c-af79-1b90861694a3
1369,cb9440b4-84e6-43bc-bed4-190f09f73824
1370,4cde97e0-bdbb-4a81-a2e3-f0d75cfba8e2
1371,8d856e39-128f-4a1c-b042-7021a1f3dcc9
1372,aa87ab08-ceb1-49f7-838c-8bfc8304a1d9
1373,e7d06212-c39b-4c0a-8b0a-63e9da798280
1374,f8fcb28d-721d-42e1-9874-70696ab3715a
1375,cf42280a-511e-4243-bd35-e2d84bc6fe4c
1376,e3f134b5-91e8-49f3-b415-5e014598dcec
1377,4760e2fc-0d2c-44ee-98cc-34ec0cd37598
1378,e5f7a979-317c-4df8-ab79-8be4d29d0eb9
1379,a6f68361-85f7-473f-9f74-840162ed6c4a
1380,c6669729-4b5a-4d81-adff-974fb387ad06
1381,dcefd83c-a364-4d1a-92b3-f2e08a90dadc
1382,a83ee80b-0642-48be-9ad0-48d440531edd
1383,3e0e09fa-f28e-4967-9d1f-2c38fea90087
1384,69ea9d3c-c329-4fc0-8083-f2c75a94216a
1385,d5f7a551-9659-4b33-a8d2-20b1b2042f6b
1386,19153214-7c09-4cc2-bf27-cff56922406d
1387,c0d3ce4e-080e-4918-894e-9dd06e2d4e5d
1388,fb66fa68-3184-44a3-bbd9-9fd1b9911e6a
1389,82ed62de-6898-46d6-a704-88e0c098642d
1390,13771110-c029-4ff4-9133-93cb997bd0e8
1391,81da2605-2097-47f3-8a9a-4fa8f2f6c24b
1392,4dfb6387-617f-4e59-8f90-e75214a5c66e
1393,c9f1edd5-6b63-457e-9ad6-52b36d2f5f1a
1394,8167d0bf-2101-46f8-a054-912ea5573215
1395,67a71441-22ec-4db1-a7e3-da25df4b3aef
1396,358b4d7f-606d-4c59-b216-47d936680645
1397,17f3c776-d3b1-473f-adda-0a2a6311676a
1398,00625ad5-b829-42f8-949f-57fd501dd8a3
1399,454405e5-c050-41cd-ae1b-aaa3064393d0
1400,7e64ebfb-b2c8-4257-83cf-2112f75fa85d
1401,c3e9edb4-0405-46f3-a6fa-c0a7393e3604
1402,26c62a78-4d1d-47a1-96ad-f22a5e3f4168
1403,64fc8c0d-0681-4e3f-a088-399cdf15dce7
1404,53a6be4e-b1b9-41e4-b190-1aaef97bf4b9
1405,287259f0-f988-4431-aa7d-ad747b923861
1406,e81b8d2f-2ddb-4b98-be72-847d8e774e2f
1407,d01a97bf-cb8e-4c97-865b-4490a893fb2a
1408,cf504472-0c88-40b7-bd39-83be14d13096
1409,f290c084-4943-4362-9572-d5d66faa8363
1410,7743332c-829b-4644-b3f7-da13b6acc74a
1411,631e6f06-a6d3-478f-b9d1-d1d0ea18f0e3
1412,24de53d4-ad73-472a-bb4d-7d1b7a01d929
1413,77584129-b724-4f6c-939f-92c8f4465900
1414,ad9ec3d5-dd70-4abf-9fe2-20cb0c9cc3f7
1415,02f6da07-58a2-43d6-bc8c-a6d7f7e66d7c
1416,2a62c520-8758-48db-bdbe-71ca79e4bfde
1417,2308660a-8684-4105-a3bd-6ea0ab556ff3
1418,b7a38751-6aea-4e24-a9a4-9cf0f0112e0b
1419,97bf0e6d-70f4-4a68-bfa6-8231b7331a2a
1420,30943c1c-bfa5-4774-b58a-d01877d9a14d
1421,1714bcd8-ed91-4203-bfa3-5d6c9f0b7630
1422,8928579b-b40b-4c63-ba4b-cfd619239530
1423,4b4dab74-ecfe-47a1-ac1d-c192862d2db6
1424,1c072800-e47b-439d-8c1e-95b02c34d99f
1425,8f25fbc7-c5a6-49b1-957f-2e4750c8450b
1426,b30c3979-7a41-4ec0-b06d-4c3c0a3c442d
1427,4aae0308-579a-4aa6-95ec-83f013e95185
1428,1260d1a5-1a5b-43a2-a0b0-f9e14409eb75
1429,04ca515e-d4e6-4861-9477-dfbb6d97d48d
1430,4b029cff-d0e0-45d3-aea2-448a5024d4e0
1431,16320df4-a7c7-4a59-96d1-877a304c554a
1432,9460396f-bb66-48e3-873c-7d8ebcb9f093
1433,386a26f5-bbef-4eb6-b657-6ebd8b84cf90
1434,fb9743d8-845f-4f98-ba88-0392bf17bdca
1435,b591472c-4968-4ba9-9d7c-2e47b666a753
1436,0044b843-b616-4124-8656-9a1b335ea289
1437,4bed28c5-f2cb-4464-a935-e58bd1952bd1
1438,620a6e69-fbf2-4d02-a70c-4b6303a4011a
1439,72feacdb-71e2-445d-9516-32ecbc91449d
1440,78fe3772-bb75-4f78-b8b7-023a1499db99
1441,4c065c57-da1e-41f1-90a1-467591cf2621
1442,c9948cdd-8f7d-4462-b699-a77e8ce8499f
1443,31f28d0d-e20a-4a1b-874b-4516ea9eaec7
1444,fe17b36b-999c-4123-a449-c83c4f4060b4
1445,6fe555a3-0bac-4ab4-b225-7840719757b8
1446,44c16cbf-e27a-4072-83c2-50752bbfafbc
1447,a5a57bad-b7be-439a-93f8-a817bd6bd3f7
1448,b45fea77-ccd3-4110-96bb-073d7334e7d4
1449,c78dfa71-c3c0-4dec-b09b-70c3213092ae
1450,3e904ed5-25af-4314-b3f5-7ff13d251b3a
1451,25f36568-59fa-48dd-8b9e-f32686211547
1452,0ba6d853-807e-4d1f-a563-bc9dc87d5250
1453,2c4a6da9-5371-4581-9316-a34edafc3582
1454,46119cd3-79fb-4dff-aab8-ee8fe7b7518f
1455,02c6a940-76c5-47a7-a76c-372ea8e80cc6
1456,e6b56924-5e3c-4951-8ee5-334800410075
1457,4ee7f30b-e536-4e98-a50a-b74119c79c57
1458,e4680c25-b5cd-4c3b-afe6-c05e515f43f1
1459,b5cd670d-78b0-4fe4-8f85-4cc5bfeb8195
1460,e9618621-f8af-42f4-8d33-3ae305775fe2
1461,146bf1bc-2e44-4f18-869f-4b50d8d769a9
1462,eaa67f2a-d979-41b1-bdbf-bfb51d4b7865
1463,764727a9-6924-436d-8310-7b3ee9a5b08b
1464,8e29cbce-61ad-4007-be10-a8c3d8444fac
1465,cd058ac5-8e83-4946-b39a-d1d16a58ccb4
1466,08ac5c53-8aab-4d26-b649-f40179f4981d
1467,c0b5d361-04e5-4621-b64b-b1f8b4206061
1468,4cd0d958-a5da-4a7a-97c4-24bc3848699e
1469,a963edde-fa83-44a9-a910-5c23525e651d
1470,ac72b7a6-e4cc-4b29-9ce0-52a514e257ec
1471,eeb85e02-e5cf-49fe-af43-ab3d1c412d7c
1472,62a91b04-e3e9-45e2-9c5c-04b0b93c226c
1473,0efe92a6-76da-441a-b015-d130b09270e1
1474,42e16a33-fb38-407d-bde3-cff0c3899321
1475,12f795bd-69ad-4dc5-8f1f-962ba64df625
1476,79c4c1ae-5d6f-4316-bbc7-a26dacf6ae2e
1477,6d305e76-c09c-4fc7-ac5b-5fa9e011d9d2
1478,fcfa7dff-f410-4440-8bd7-17417bd9f734
1479,80e283d1-2e50-4770-a95c-e8482c3581aa
1480,2da7137f-cdce-45f4-893f-7bc302a1b076
1481,45cbfe0a-c83a-43b8-a4e3-d8a6735349f7
1482,e1e0a69c-b1e1-4bba-9cdb-9abfa205a6a9
1483,d2643272-12ee-4517-9631-45423a474cc3
1484,6e5b2378-07fa-4909-a8ef-01b16294f508
1485,3b1025ad-a3cb-49cd-ade1-8d102f3e0ccc
1486,5cb9446a-c503-4ee6-8d61-70cc654fb8ed
1487,1f7125c1-2793-4eb0-84dc-a324a35debd0
1488,8872f99c-4c13-48e3-a852-0b381df478fd
1489,71553b1c-94e8-4986-a6ab-6518f60f4575
1490,0be9dbc9-0a84-476a-8a31-f28107f47cbf
1491,7fe97ea6-653a-4848-984d-8a9a890f4ba3
1492,f26830b6-c4d1-44b4-8e0c-93f74e62bf4b
1493,3c080bf1-b1b2-4b44-89a9-3d15bcea7756
1494,9020a792-2692-4f3c-9d89-bbc035b64aca
1495,93fa33e2-e796-4ce1-9cb0-808430d71b2d
1496,0198516a-0e12-48c2-978f-72e3271bac5e
1497,cb8698c4-e53a-4586-9ae9-1891a952ffcf
1498,79424d76-ae5c-4962-8363-7b9d6f628ec7
1499,649434bd-44bf-4b8c-a7fa-b9c3d1ba76ec
1500,29f3a229-5841-402f-941d-afb1914ccecf
1501,2a3b31dc-f46e-45f5-8d49-0c8692d74100
1502,3c1279e5-44ea-4aaa-8d7a-fef738320fa9
1503,35227b68-ce1d-49dd-aef3-a30d4572cad2
1504,c9c50a1a-f8e2-4cdf-aca6-0b914940f7da
1505,95770039-a11c-4654-9e51-61cc2e4808e8
1506,f3c2a19b-e69f-440c-998c-2734fbe1814a
1507,54a8552b-e5fd-436a-a81e-62979d97902d
1508,efc4434f-3186-4621-87e7-708cba63404f
1509,3690e4b8-15a7-4200-b34d-487ab838a68a
1510,7b3a918e-02a5-410a-a0b7-d5ad481be7f9
1511,8099ce7c-3644-418e-aebc-00109b54ca88
1512,5e8f2df9-0292-4c37-a781-6b5ca0cfedc5
1513,e66d6f80-6b7d-40bd-a2b2-ba0212c95ffd
1514,96167949-ee2b-40ed-ba5e-77f0a187e4fb
1515,8bde5943-fab1-4b84-a0ce-95601218f5ad
1516,da05c611-6e5b-4381-968f-714639c42d1b
1517,6e35b772-ccfd-4219-8f8b-e32f4d03fec7
1518,aa476ac3-0dd7-4ad2-9f68-f1f92911cea0
1519,e0b900a1-7a65-4509-824b-734d336e41ea
1520,a76577c7-86f1-4316-be61-cae2747738d3
1521,d46c2d79-fb6e-4cd3-95f6-b65b2c1e99ce
1522,9324188e-1f07-4e12-9ed2-0e46a00c106e
1523,99046a6b-bae9-40cc-9084-2a1d46e5b4ac
1524,06890ee7-9c47-47ca-aa36-4d41606dfdc5
1525,84709df2-33b4-4b9c-8783-70e84cc2cb66
1526,bd81330c-487b-450e-ae55-9983e3379697
1527,6191b09d-bb29-4698-9fff-721618c012a3
1528,cc721884-f9b1-45be-9f9e-e65b3b89351f
1529,9f27d6ee-5998-4554-9019-b972b3754235
1530,47113d30-ac65-4ad6-aed4-f37b5af49710
1531,d98dbd2e-1304-49c1-ad55-56a788b3f686
1532,8ebd05b9-300b-4b73-a4b7-08c770a07eae
1533,c1518561-2b01-457f-bbea-70b869663a84
1534,f3b88913-ad49-419e-9c4a-79dd76f28dc9
1535,1c356fae-f403-4dd7-8a02-32fcb7bfa6f6
1536,979fd51a-016e-4e46-97dc-77c3c98f2e42
1537,8c3603ef-4104-4445-bf02-9d02d151bfbe
1538,8a3bfd7e-3e82-4b78-9ee0-c614fa91b8ea
1539,f994abec-1696-4d88-8f87-b4c51634b987
1540,0d1137a7-53ff-4645-8fff-1ee8a1ea71dd
1541,cd911611-75f6-4f46-a3b4-e476f1c3127d
1542,2f720a42-55f8-41f4-8032-5b76247266ba
1543,dca7f509-bb55-4cde-ad37-4dbd563a6c38
1544,73be8d89-b0e9-41d4-a34f-5f27799afec8
1545,2288bb23-be9c-4490-9c64-7da119de8555
1546,062b7ed4-cdbc-46f3-aac2-a9ae8051912c
1547,840ac656-039f-49e0-8e28-d69f124fabbb
1548,ed3c8433-d660-4ab3-a638-9d7d254b6a90
1549,d6616dc5-f5e2-4554-9607-058fb4b5af98
1550,692385f7-6b99-40fb-989e-a054b24914b8
1551,07fe468e-9ae7-4367-99b3-b256a05bdf26
1552,75d1454d-a4d3-4b91-a7ce-880adb3f74b9
1553,35074fe4-c3e4-47ae-90b1-ab6c57f82e84
1554,9854d6f1-109e-496e-87fc-929f7c4a3eef
1555,3f9c1fb1-3d7d-43ec-a85f-c220fa94dc49
1556,236c7959-f657-41c6-a3ab-15a06579f9e7
1557,0d49c19e-0408-4a6c-977d-c423818bbee3
1558,95cdd1e9-81c6-40f8-a1b3-8d9385af152c
1559,24bc5653-e8c5-400f-8a34-470f388b1014
1560,318f61f4-5a9b-49bd-ac2d-19e4a48688ca
1561,28de7009-f236-4ed4-8bfe-1242d1ac193e
1562,c1eec9b6-b9bb-4a69-9d5b-b0bdf45c24e3
1563,e7a057e9-8cb1-439a-b622-011660ccf7fb
1564,95841c6a-f61a-43b0-991b-7af5056c0618
1565,35f24f3c-2c19-4a8c-bb87-6fcd88c6efa2
1566,e1f1a89e-dfcc-4f17-a414-f34ecdff6567
1567,89af0a91-3e31-4cae-ae0f-c0d713b64683
1568,76d98589-549f-4a19-82c8-a817be7bca87
1569,7c6706d3-15a9-4456-8545-0b0110764952
1570,a37ba689-2629-42a4-959a-cc712670d31a
1571,df9db141-f037-4447-a25f-c20bd51a0b00
1572,d25100b9-591b-458b-838d-54427a6ee5e7
1573,7e8d652d-c561-4703-afc2-f06085daa499
1574,4cab01b6-193f-48ce-b008-354df1ead86b
1575,73b28ebd-c8b1-4bc9-bff6-b89b3a4c644b
1576,24483b66-0705-49bf-a71a-4517f72ad572
1577,c56b9dab-01b0-4863-81b2-d29979d25128
1578,dba62e88-8ca0-4176-8ff2-137bb291d8b8
1579,00c7ec89-4ae9-42d7-999b-c6c4a7381fc3
1580,2a6ef21e-f5a0-4cde-b908-5699733f2d9d
1581,8405676d-ba6f-4755-89e7-bbce0ca814fa
1582,25a2c06b-bb93-418c-ac77-cfd70c1cb00a
1583,d0c6e015-0e77-49c2-834f-a3946c2cba57
1584,5834aba1-6d72-40f9-84e6-117972e4a875
1585,acee8d37-7f8b-4dba-af5c-a5d00fc3d64d
1586,80b1affb-b412-4ca0-921f-aed53e41db1b
1587,1d415cda-f2be-4ae4-9b2e-c58361903866
1588,53747f38-979a-43b8-857d-ce4cb8386f70
1589,8f1d6b80-93ad-44e3-b212-eb70d9a80395
1590,5377e1c4-b256-4ff9-8b9b-675cc8135c51
1591,64d2624d-830f-4e62-b027-3428a423b668
1592,8a1aeac8-b365-41fd-91cc-5bbfb2e3c62f
1593,c1fe3dfe-ba00-46cd-8fd3-944243e56999
1594,077a54ba-f723-4f7a-a2c2-c67aadf9b29b
1595,f8bd384c-7a29-473c-a2ec-74d9e65b128b
1596,3a79751c-2a35-45bb-9330-b93569e8d6eb
1597,980f93d0-a526-48b1-a9d7-ed2ea3d44b24
1598,5a86e438-a6b6-47ac-95b0-24de880d4a9a
1599,8134b7f1-9f17-426d-b7cd-3cbfc78ec725
1600,715bcc57-7070-40dd-a525-878d59a9e67b
1601,0d39a01d-a987-471b-9792-b97d6f889217
1602,6d91d134-6ef1-4b4d-91f4-3ac7a8f09cb9
1603,6ce7f855-0184-4be9-9ea2-34ad5c7fa26a
1604,da508703-bca4-4093-9c70-0da66720930c
1605,fb891868-a182-4cbd-84fb-88b4dbd0773e
1606,3bbbf991-c764-4080-97e6-6b951e37bbe5
1607,3c5bbfeb-447c-4ed6-9284-355da65f5371
1608,dd2e087b-a41c-4610-b3e3-a4e53e40d9fb
1609,44d2896e-f599-4c8c-aac3-c9d0a765d255
1610,5fa6f8f8-602f-4957-9e67-39d4f72e52c2
1611,c70fb1a6-e724-477b-8f29-6b7c0f70d018
1612,e99acd9e-1ced-4b57-b2af-2f6ed39a74ac
1613,d7e225c1-a6d5-488e-990f-63a2fc6081bf
1614,19939f6a-d4b1-4416-8d2e-ed44459dd8c6
1615,ab02f50f-3db5-42c4-ba07-4f292dbce6f2
1616,761bedf4-89da-4950-ad43-8e15a9ac200b
1617,c5a71366-6e1b-4807-b723-6e3761a70dfc
1618,41f49f04-738d-495c-b676-542e79430376
1619,146816c4-84b8-4a5f-8349-550ba433a733
1620,95692658-21d9-4957-ba7e-a421a6ddce4e
1621,008efb37-ce32-4d6a-a8ff-9c180b55cbbb
1622,b228b5ba-732c-49e5-9c32-d9abc7ceece0
1623,320217cf-5825-4c8a-b659-ab6042916eae
1624,14ea7df0-2b05-416b-8678-3e4c19f39f6f
1625,88bbf6e6-d323-4ad7-9470-62f5afd6ff41
1626,c1516b24-2a74-4219-ba5d-cf5223f6243e
1627,b385bd38-baa8-4c57-8f48-1274dd9fa8e3
1628,91a8e9d1-7f33-4e24-b64c-58c353f0ed31
1629,c135b32c-ea8d-48d1-afc7-0d3607e0ba4c
1630,4fb848ea-a70b-4dab-bf82-93ac20adeeff
1631,755c0d4c-b1d4-441f-abb7-2e1812ef17c3
1632,9b83719d-fa8f-4d81-8b73-265e80b653ab
1633,6824455e-0d9b-4867-ad74-52f6c6f2b91f
1634,81604f87-28bf-4fa5-8c99-4e69caec12a3
1635,e6b5a5bb-3978-4e03-a9cf-c5e1d390c8b0
1636,195e8d99-eca2-42f8-8b77-5b205780ee0e
1637,2108bdb6-cefd-4180-9cba-84c2ae3c4184
1638,1bd86b12-a92d-434d-977c-3fb3c307c3ff
1639,0de0fec4-858e-4ce6-a0e8-7938bbf767c8
1640,bdcc017e-e902-48c9-b74b-dd989872328a
1641,d1f4bf73-d691-4a55-853c-9d4b3bd94264
1642,d5df1b66-0bbc-4be3-bd43-fe0c135a27a7
1643,4558fa44-786b-4e05-9136-0b161a8993de
1644,1fffe0ff-bd20-4f7b-a8ee-3155c186136d
1645,c04eac4a-e37b-4f61-91ec-71e1d9d76268
1646,23e6ad2e-4bac-45e2-b0d4-2d708eef967b
1647,3b1980bf-ac1c-476d-bb3d-9b1260f04c90
1648,51188560-cba0-4436-b189-19c0841cc952
1649,0299e374-b032-4ce0-b6e6-943db4dcd342
1650,b8c17dba-953a-47f2-9410-da32a6ae05ea
1651,c8ca7c5c-8796-4b15-8413-61fd8f425aa5
1652,e432c079-cff8-4f28-8dcc-00ed3052857a
1653,b61bb828-02c7-459d-940f-a531f3271743
1654,fc0ff01b-b101-4ceb-862c-eb9712875489
1655,6d72e50b-412d-42e6-a9e2-562ba2d7f109
1656,199e2f78-abc6-425a-a13b-674553864a84
1657,4eb24c17-e84f-4d5e-9d83-3180d3e5ef8d
1658,e709f3b2-0c76-4368-9ab6-c60a70aa76f6
1659,b65c7f27-8170-4f1e-ae9e-9d9573774050
1660,4f550eba-f258-4d0b-8443-257ab4b57647
1661,1db4d925-88d7-46a1-8586-c0139846104f
1662,dd0cc712-01e5-44c3-a5bb-eaaa1e800721
1663,9137cb02-8fd1-4177-8a24-57dd71531ba0
1664,c8e562a9-04ab-448d-a44d-04a31e7b074f
1665,37c580aa-edf0-4922-9e88-1539827bb266
1666,68f02a27-0928-4074-a238-6e45ad534c38
1667,91c6367e-881e-471f-99f1-2ceb730f7b31
1668,7ad71b0d-73e1-48ee-98a2-a8fb00ce16f9
1669,7bfb2f2e-60e2-4992-844f-0b41b1a578ac
1670,8e3960be-57bb-4a22-9d81-e916d8812032
1671,c2904def-34a8-48ae-9b12-3394aa2974ad
1672,3885d542-fcb5-426b-be58-c7812798ddda
1673,f602c3bf-2946-4684-98de-bed897c9f18e
1674,03ba38a2-0d81-4d79-9872-ed982d997286
1675,7ee15f94-b303-483f-85fb-272bd93765e7
1676,14008e22-9b31-4a4d-b7ed-5c5db80afd33
1677,0333d63c-11b3-4473-8079-fae20ab833fd
1678,59e8cff2-4842-4312-8f53-dbf059e91582
1679,905f8fda-b289-4a7f-92cc-5d04b0ada44e
1680,eb2e03c3-ae6d-427e-9a74-0957d8730133
1681,71d1195a-876a-41ac-a9fe-a749328e9507
1682,b73ab0fc-6570-4c19-a408-89d2d8c33c6d
1683,bc1d7f7a-07b1-46d9-9415-716fab023ce3
1684,615980fb-c31b-47bd-a184-5ed6e87747f2
1685,a1c79a4c-2384-4df3-b408-0070856dcee1
1686,519d330e-86f5-48d5-9c60-ad2db0a02643
1687,6f93578f-8866-4290-a751-cbe8ed386b78
1688,19df4061-53ff-483a-abd2-6e846f78bfe2
1689,c7784688-6df9-4a03-a0af-590d9478c58d
1690,a2bc5e0a-af9d-480b-bfbc-b46b87af85ba
1691,68f28694-aca0-4189-8487-069a93ab1060
1692,49277cec-35f4-4e12-a01d-41ee20ddd63e
1693,e10141e9-59e6-4bf1-84a7-0f43cd4cb4f0
1694,379e0127-4821-46fa-9799-1f94314dddc4
1695,9cd21baf-6fed-46f6-aeb9-792e0198bc87
1696,71d43b7a-a476-415a-83e3-ef7ac534b017
1697,ba444ae8-9b0b-4104-b25e-380a25e3de25
1698,9a1a618d-3e42-448a-8b23-7687a8f87490
1699,5634967a-4b3d-40bc-882b-11bbb47650c6
1700,002d1c0c-02e8-41d3-a2a2-c703a05b33be
1701,0ae6c2c6-0fed-4c82-bf48-43a42406884a
1702,19e0cabf-4781-40ea-9ec9-daf6a417784d
1703,4977ad6e-b4d5-41f0-a872-610949452a5f
1704,195b6f8b-a126-4ea0-9cea-88625427b165
1705,c4b4ae74-d686-4d61-82eb-0cc8b9ba22fa
1706,3f5058c7-6ccf-4b08-aeaa-39765f202502
1707,3335945b-8541-4254-9162-1b88d806a1bd
1708,6b523c60-4fbb-48f3-abc6-7dbd1b7450e6
1709,39c1b31c-d45e-4d77-9ba2-60d0a425f86a
1710,9915f139-f4da-4a81-a2d3-7a26cb2bf731
1711,3f4ad3eb-78aa-4019-9142-01ba57dffa8e
1712,562ddcd5-cd22-4e04-8ba8-ab6c4606d1cb
1713,ad6b4b3d-b96e-4376-9374-30b4f6314ba8
1714,24db554c-81cd-4e97-8533-8691d0625aec
1715,5c0ea00a-c4b9-4e61-9a80-ed12323196e6
1716,8a62e73a-9958-4930-a521-750b15ca3ab1
1717,b2be8082-3d72-4ebb-83e9-33b9da15d268
1718,94abe5fd-bc07-49d9-b59d-dc6943f14577
1719,8e385069-831b-4b6d-aa43-fca2ff96a1a8
1720,463e1211-c56e-4c86-8685-6e036af9b4b8
1721,27ee2d3b-4304-4469-8371-b72f9c5ee88f
1722,6c87aeeb-a03c-4ff4-963e-fdcc3fc52eca
1723,6cd0f4d4-8589-4015-a800-b20284f20420
1724,de2b2679-1450-468e-b3f9-91b965b6a8de
1725,2974f3b6-dbcd-4df7-97d8-dd91f154bff7
1726,7ae404b8-c04a-4822-926f-36eeb0cd4f19
1727,657fa345-d22f-4025-a8e9-644fbbf77bf6
1728,218028f9-bd52-40a9-aa2e-14f612654366
1729,fe82d49e-5c40-4bf0-bf31-e95bfed4a475
1730,ba1e5117-b70f-4bf4-a6f0-c8010c7de9e2
1731,e130e21a-fb1f-4336-bc84-b0a5ea68a9f4
1732,d1d46106-9163-45c3-ab6f-927724f8c673
1733,7d9f49f5-f7fd-44c2-8f3b-306cbd6f419c
1734,b81ffa5e-76d3-485d-aa37-a90b69420f89
1735,41fe6e92-f603-4126-b8a8-f8fab62ec3e7
1736,fee8a8cb-376a-4ad2-8bfc-658368db8480
1737,0487f794-6506-4578-ab0a-9ece215c3127
1738,0f874415-19b3-4e2e-bb9e-75ba5d6a5da4
1739,fd82895d-3131-4d17-b6ca-c659d118cf26
1740,466b2d1a-1b04-4959-b370-152522cca134
1741,4a46f483-f749-412a-9039-66ec7238d630
1742,a141ace5-e937-405e-b18a-68c5b38da00e
1743,6b957e96-83fb-4457-9c24-a5d1f523154b
1744,1761d700-3c51-4ee6-bff2-e9f7f5966592
1745,9a19025f-b6d0-42bf-9040-dcf6df1afe9d
1746,bdbe62a6-bac7-4089-8c52-e8a548944642
1747,71d40674-af9d-41ff-924f-b0e102f4cf1e
1748,2a487b97-e6d1-4544-9f3f-6c7f784c049c
1749,0b9edd58-bb9a-4611-9c86-8031c468f6ad
1750,a738b4f1-8e52-4457-8275-ead0bcba996a
1751,5258e6d5-ffa7-47f1-83bf-edde5850a8a3
1752,a8dfdec3-38f8-4c58-a52c-00e39d76a2ff
1753,1ac69c1b-aaf3-4a81-9d94-8c02b9615a52
1754,0572f68e-fb93-415e-83d5-007a738e0099
1755,dbc027a0-870d-4de6-8e8f-7bf67bff501c
1756,52e8f018-f42a-4fa5-959c-0359198bbdf0
1757,e78f04d8-9617-481f-9b5f-8f180eac7367
1758,fcc34115-cde3-41af-9928-07e9e17dbf2e
1759,ba5e0b7e-93a8-45de-aa86-b6f3b492f1ae
1760,aca59f8c-b49a-4fff-be32-14ca356ec7fd
1761,ce655c67-fee7-4722-a1be-61de528bcad3
1762,c781d5d6-d532-4e0c-8579-5eb744a672d1
1763,1782be70-340f-4051-be3d-3c17795efe00
1764,c0edc18f-5d36-4098-82b7-6fd170d5f42d
1765,5860584b-844e-491e-bcc9-e96729a7c93d
1766,93bb1254-2c9f-4dc5-944f-187e0b3ee83b
1767,ec37c5a2-e88e-48d1-a207-6fa1236c7047
1768,0e0f99c0-4155-48ea-a20b-117a51377e5f
1769,42d83c89-db1a-406c-84e9-5874743a2bf7
1770,acecf392-6c4d-43f0-91e2-fbfb9e315473
1771,3e5ff84c-78d2-4504-814a-1e64a89c3e85
1772,db51872d-341f-40fb-b39f-62ece934531b
1773,fa0d0ccb-785a-4b3e-a3d3-ec16e3a477d1
1774,157b5daa-52bd-4ae6-a0be-a61f71e1a0cc
1775,6fac3941-7cfe-4d66-a022-edcabbe39815
1776,0bfa832e-812f-495a-99df-f484d9959801
1777,2ad4205e-c603-4cd2-96b2-86622ca3eb7f
1778,5ece43d5-4320-4265-a9c8-2bc67c835ba7
1779,d4426b4a-2987-44b4-bce3-5847688d90f7
1780,b99af2bb-cf43-42b3-a50e-062a3c1b6c1f
1781,f22bed8d-f7bd-4bcf-9471-ddaa3c0a2be4
1782,ec1d1018-c461-4100-85e6-3f1ae2c644e2
1783,6819b5d5-88c6-445c-a3a7-afedb0533b7b
1784,4851758a-91a3-4c04-8494-2b7326ba8acd
1785,599d226f-53db-437d-9921-c12e30d53641
1786,bd609507-4eaf-4003-93f0-f11b78cd2006
1787,8f5f7b06-5598-4f78-93a6-2584fe2bb4f0
1788,2d5174c5-d83a-4a87-a3e2-7721b24bb70c
1789,4bbc84f5-ad41-427d-81cb-0b7a9282577b
1790,1c983110-e5f6-40f2-97a3-4588e981ca2b
1791,e31e8655-0e1a-414f-aae8-2e5f7baf9827
1792,17349321-5a85-4d4a-8b83-4e3ae1ec9176
1793,1c9d3e18-8eb6-4dab-b5bf-0bd28862d3c9
1794,12643335-f502-4427-acf7-9a28979d6a1e
1795,9a19ae5e-7eb2-4872-adf3-d43d39b760c6
1796,46b4d656-0c58-4ebc-bb59-7324f07b8ce0
1797,cc7e75da-c178-4951-b12b-a715410d3362
1798,fe27f972-bfc9-4c17-999f-89e48d5bcca9
1799,02215906-b05f-44b5-9b6d-404b34f20174
1800,6dd4bf3c-97a7-411d-a6ae-9b3ae14a3f2f
1801,63ecc96c-ff40-499a-96c8-b7e8c6b21904
1802,aec28542-5840-48ba-9fc3-d96d42005bbe
1803,7f7697e1-2aae-4273-bf55-61b7973fd8b9
1804,e8f84151-823a-44e2-8fbb-7bd872d5808f
1805,5abe79ab-b07b-483b-b7f5-eaa3031a891b
1806,25f4e585-01b3-4307-9e48-0704570351eb
1807,a34d4ddf-a982-4c1f-b88c-db592a75bd7e
1808,4fd45211-2d7e-4fce-b133-a2a6b39330e6
1809,bdfd8dc4-84b4-47dd-87fe-cff02fa486a4
1810,446698a3-02f3-4a72-982a-b76d811a2583
1811,dd001da9-2379-439e-875b-4199b196a784
1812,ac81a7d9-d428-4e8c-b957-02a4d51233c8
1813,41066f57-db65-406e-8c58-f86e073ab537
1814,bf6544ca-5243-4866-adba-d92541559af2
1815,8ac7ab63-170b-4d49-82b8-239cea873b01
1816,ffd59e1d-74a1-4809-9045-5edde19731a4
1817,79af4bfb-7b14-4621-8cad-a1a3c983c998
1818,4dc55c3b-1ac6-4ef9-8f7c-4362657e74a7
1819,7b27964f-36db-4b89-8b1a-d18e6762ed65
1820,9eecfcfa-ac06-4138-b214-11eee706b77e
1821,ce745c8b-6270-4799-a5f7-7d152cf6962e
1822,557b5401-1488-4754-9419-dfa6cb22ec55
1823,a69b691e-8419-4035-8350-d4df7a82c3c5
1824,6372e2f1-ee61-4e30-9214-7fecbd0c51f2
1825,8baecb31-1a23-40de-9531-90176f828254
1826,2e91b6d8-c370-48c4-8e50-42b471bf28e7
1827,16aa9912-3543-4cb5-b368-4f621daade18
1828,61fcb9f0-c854-4360-ac40-e44ea046f714
1829,edca0e14-ac82-4a40-96f5-a7be0dc47609
1830,fa386473-0b10-4eef-9775-57248b4dfb1a
1831,20983cbc-00d2-40e1-ad9b-131ab70763f8
1832,d726f973-ee3c-46c1-b326-f5b95c35878f
1833,056a5b78-7eb2-4978-997e-a95250146aeb
1834,174cdcb0-a573-4c2d-81e0-09cbbb85588d
1835,6989f89f-d7de-4d72-a0cc-acb36f658a02
1836,0edf3afb-5e87-4ff2-9848-bbfd246f6b79
1837,eb68e5cc-9f4f-4100-8330-2cf8173b96a9
1838,79e5e70b-64ab-40a6-8917-85f6b7496c4c
1839,3cd0065b-89b7-44c2-b5a1-1dd42ddf0dfd
1840,4fe1db09-9799-4566-9ed5-81a1ff18c82c
1841,57e02650-3e7e-48b0-8c16-04682431f240
1842,e0f65865-78a8-402b-a8af-abf5fb8b2c87
1843,c93f656d-0ad6-4d2c-b18d-b99e6d04d917
1844,61428ba6-cfdf-4dfd-8d2f-445e35a90e7a
1845,aadf837d-36d3-4017-956b-fbb51f72de2d
1846,bb725a45-6f61-4745-be4a-4a5d561766c7
1847,d765323b-3e1b-4738-86f6-fbc71c3f8db6
1848,565c0ed8-db5f-40b3-bb85-1535eeddf17b
1849,8dcb15be-112d-4bc7-9ba0-6e47a79372cb
1850,16e5f782-6772-4cb2-861a-4179a4a27b65
1851,24b87976-1813-4428-9fd3-1767a62dce91
1852,e409f941-d4e2-4236-a0e2-1776f92e97c5
1853,df72790f-59a3-49fd-aaf3-b74bd537e535
1854,4858a3ce-0523-4468-b6f6-12e58554505c
1855,ebc14b8b-a0de-4c1d-a1e9-9cd5cab0ea71
1856,2ea4e0f4-3a79-471f-bfac-4c626f7a82fe
1857,8a31d6ea-e545-4d3b-a38a-1f3e29335371
1858,e4fdc487-2745-43aa-9b19-c76923622144
1859,d207ab84-9b71-4aba-94cb-394bab30a9ea
1860,d45af298-470b-4aa8-99ce-3afaed817710
1861,d39da110-866c-4a81-9217-029e80254597
1862,09ad8813-0fc9-4c63-90e7-6c77b126cf58
1863,8428a442-f3a4-4646-9c07-9ef5da9b41f0
1864,5f0b19f2-05c3-4a27-9eab-8a2f7f13de84
1865,2a13c6fa-4b1a-4fe8-be24-623da02a917d
1866,15cbece9-04bc-4efc-abf5-b12e85369c1b
1867,e506f727-3169-4ba1-8ed8-459e089d266e
1868,2d9246c5-bce4-4996-a143-5db32cded45e
1869,ef63a3d7-612c-4677-8bd3-6dd96a4e6179
1870,fc0bb654-bf41-402b-bbbe-9dbeb9570322
1871,4d5cde45-596c-4080-a1cb-41ef2e156607
1872,50c2a694-29f4-4c84-a115-662f0765249e
1873,42731938-4048-42d4-8d55-9ac6c2e5e945
1874,64c3e552-70d8-45b3-a06a-adc3b28b85bb
1875,485cb4b0-26ef-4457-afdd-4f7cca5dbd1d
1876,b43b6fe4-3603-4854-b114-8f95a833eae5
1877,99fe5599-3843-486f-8daf-101754d919e0
1878,0eec6db0-a06b-484d-9424-64b0b5c73fe3
1879,da58803e-c6ec-49c5-9afc-af17da27a2e0
1880,3cf30188-8033-4c2d-a167-f20ac792a63a
1881,30eda5eb-3ab2-4860-a28b-fc37cd2b937d
1882,d883d81e-df07-48c6-97fb-9f06613044b3
1883,f1f66625-7a3b-45d2-9514-56991867e817
1884,a98c1f5c-40b0-4eb1-bd7e-6f42a1e2d1cc
1885,db643958-29e0-4119-bee0-2f586d71cf50
1886,1ba9e4c4-2a8e-40b6-ae89-8c5ca87d51b6
1887,69543400-919b-4350-9139-926f054ba4fa
1888,ad49f85e-291e-4df5-81d7-edac3aceafae
1889,043d590c-f30e-420a-b0d6-4e091e8f871b
1890,f70adfd2-9565-4bfe-82db-ede4f473313e
1891,0b12dc5f-1b57-4fe1-bf21-5c10076148a4
1892,607b2544-e68e-498f-bd6d-cda2149be258
1893,10fd9757-86c0-4870-93b6-900b4fcb9b84
1894,c50b2022-07de-41c1-ac5b-ff4adf91f5e8
1895,86dc01e9-8791-469c-9a84-0191d643f851
1896,4c948579-fb42-44a4-8e80-0abbfc1497df
1897,9baba014-8e58-4970-9753-fe6af31718b5
1898,cfc8ce3b-0cf4-4935-8480-078794fb486b
1899,4d186b1f-4e59-47b2-bca6-f5d9bf3253be
1900,487ad966-41e0-4b20-942c-2de276c43daf
1901,a6055f0b-fa7b-4e86-b200-ab737a63717b
1902,f371a6ce-0140-481d-ba5f-97982fac712e
1903,9ce6bdca-4811-46c2-b5d2-389c669c179a
1904,0f08a82d-d91d-4aba-9a81-3a7a0ab3a815
1905,9cc8efe0-0334-4a34-8e13-0c73ecacd0cf
1906,af4ab84d-831f-4ea7-8a42-9e4be4c63636
1907,9445fffb-d1b3-446a-8198-d52a4bc3075b
1908,5f55032c-97c2-48e4-ac3a-70ba41d09b1b
1909,9b090efa-8402-491f-a4da-86225b9a6f24
1910,85996100-af2a-459e-a88d-c0dc60ad01ef
1911,5d67c0ed-4572-4839-94fc-aadee7f5b688
1912,e75d4366-50be-45ac-96aa-3a4b50a3dba8
1913,36187e30-69cb-4cd6-a753-b56a438a7478
1914,9b4caafe-6bb9-456c-9396-b75cc88031cf
1915,4438f30b-3b3b-49c4-957d-0e85beba55fe
1916,922e5bb9-0219-4cac-b964-082746939f59
1917,751dea5e-e0d5-4810-9bc5-6d2f7c269fcd
1918,c562dcac-3e43-4351-b869-8e68d24a8dcd
1919,7062b3ad-2c59-446b-8ac8-b2534b673af2
1920,2418fd77-0332-4653-b770-71c522645469
1921,a9f0e7e5-d253-436c-8d8b-cb68304b34fb
1922,823e7fb6-0822-4e5a-8028-9acb5b677d0d
1923,60e7d558-5326-4ad8-8ad4-9b3515dbc604
1924,97e7cc52-260e-415f-9351-a5985da7ba59
1925,ccc2bce8-0cf8-4cdf-82b5-fd37dce8f7d6
1926,28ce05ad-cc4a-4811-9a3b-5de3d4b8832f
1927,367e229f-76fb-4066-a59f-b08be9b9c732
1928,c2954f38-661d-4764-afc6-4dbe7a47c2e9
1929,1d8cf099-d3d7-4798-85d5-306a29be1c70
1930,1822c118-399c-4958-95c1-ee8ed0ae7782
1931,ac49afb3-4312-4a80-a020-c03fb4f4355d
1932,f3d03d00-3174-4e57-8a0c-cbf0023bdcb5
1933,a4d165f1-76ce-42f6-9d26-95851ccf46b0
1934,06d64555-ee5b-4db4-acbf-97e4d30d17a8
1935,92e19b7c-04f6-4336-a1bb-1107a4138133
1936,b95e5d63-5302-4f27-ae69-fe00b054be9d
1937,fe6638b3-bb7c-4f77-a5e1-383354e516f1
1938,35663f12-4917-4335-96c9-bd2deac39620
1939,bd386db1-d3b8-4864-a2db-eaace0f92241
1940,3ba8d29f-8cc9-44c8-9bca-a872bd6c5aea
1941,a26fb975-7ee3-4742-a5e7-eaaf242de3d1
1942,7ad9e826-3eb1-44b4-ab71-2ccc5b893462
1943,5342a15b-8b43-4a9f-bffe-56d1d6d40abf
1944,13011897-7524-4d83-bb5d-54eb0abbcc8d
1945,61d76e97-db34-4cfe-99ef-4088f7f80c8e
1946,643a111f-06dc-4dfc-96e1-9de5fbcad7c6
1947,14a6cd90-62d7-4043-a89a-a7ad396eac2e
1948,8d06f2ca-6afc-43c1-8f64-c22e5c0d7519
1949,767c4313-790a-4268-9e23-246683032393
1950,9fc87863-9eb4-4fb0-a2ea-e4ffa62300f3
1951,6ef96792-f0b3-405a-acb2-533b6803f541
1952,3dd502f4-3065-4e0f-a445-8c8bf8e00e9a
1953,261e766e-ea1b-40d1-aaa7-3607cb90117b
1954,986c0395-1709-4bd7-b131-60edc2392dd6
1955,e76a5b74-3b93-4e0e-8300-5b00e7cf4d69
1956,c7645d6f-7608-4d45-972d-23ce9fd4259b
1957,dbd26d70-5b86-4cb0-9f42-bda66134f461
1958,ee62785c-ff59-4d66-9f22-eb024b786599
1959,3eee0fce-57c7-4dba-b1ed-a48c1add1ffa
1960,0536537e-7589-4f2a-8d81-0e7a796432ae
1961,9c86d680-b8af-4447-a9b7-0d349efdffb2
1962,10125def-bad6-41c7-ad8e-119fb80b0c82
1963,51328739-2270-45be-8b4e-7024c4e6c6ea
1964,f0d6b54e-a942-4125-91a6-74865dc33ba3
1965,99db2e7f-0589-4839-911a-dca3eb897460
1966,99e4a655-9f0d-4d21-b952-8d1fb25c6fc8
1967,3e540b37-40f8-4283-9fc1-291f0cb1af25
1968,bbefc5a1-5307-45ff-8291-f950c8397d68
1969,19ff22ec-33ed-4d0b-9350-abe7195611db
1970,66d667e7-5498-4be2-9710-8682215d33ef
1971,8af1ee9d-884b-4548-9c33-44c1847f8213
1972,7c196407-9b7d-485e-a817-a041fdff61e4
1973,6e668e03-a8bd-4ec9-affb-fe5599b92877
1974,c28d2114-344c-4698-a28b-ba8d325c26ed
1975,907b6da5-782e-4e36-af5d-f60abf063244
1976,fa99d519-2692-4291-b5f2-d12fe23aac12
1977,9a7ff0e0-c54e-4cba-927c-251d6c173ad9
1978,b5a72dec-4ee7-4d6a-8f1c-4198a1e57ef0
1979,0dd2f7d7-51f4-439f-b8c8-81363abfd5b0
1980,dd5d7a7a-8eea-4f68-acfb-4aa48b414a32
1981,3c2ce90b-fdf5-4253-b09e-da6181313792
1982,b2c98e44-297b-486b-97d1-b70d3223fd60
1983,3c8ed531-f8c2-4cff-808b-367478de1ebe
1984,aa20bbee-1014-4f0f-93ad-f5f4f345fc43
1985,aed3c2b1-1235-4151-9e44-04acc5a687bc
1986,e5ec7927-5899-4fe6-8a18-6ebb4a68839f
1987,18ee9857-0184-4768-ac16-dc8c12d96f75
1988,550bef14-0e78-46ef-b0e0-ea183710dc83
1989,f29890bd-801b-4d1b-8f2b-674d61b2b65b
1990,f4cfaa46-875a-4a2e-8a2e-d88138d8e285
1991,2746b269-2350-4f11-9e6f-94f90ac35de5
1992,027ab5b1-134f-4c76-9b2d-41497e93b6d6
1993,76570fa4-9acd-4072-a3d0-5b1388a4ca10
1994,51d2e95d-5d5e-40a1-8649-bf8ca96273bc
1995,841a1134-e2b5-4c0c-b1e1-f4709b76ad14
1996,7625e9f5-63d7-493c-9c14-08f2dbdd4388
1997,fbb3536b-adb2-479e-8d33-f576384fadc4
1998,8cac8638-aa17-4f79-8044-59647f9e722a
1999,80d9a66e-2e15-4006-a58b-31a6868c3512
2000,f278d1b8-a532-4801-a8b9-1ded73475ad8
2001,737745e3-9b25-433b-9171-b162840e0bed
2002,8c7581f0-6d07-4658-8680-6a63eb55b944
2003,5e276b27-7b3c-4624-94c4-014b982ad0ae
2004,c9be3f7d-84af-4ce5-9730-183c073df37c
2005,68ee1217-a553-43a9-8a2f-3b7c5b5b32c0
2006,f62805c6-54b6-43e0-ac4e-08fae275cddd
2007,f5caadc9-ab50-4826-b49d-03139ef8a36b
2008,8c06b881-073d-44a8-9e4e-797692f57979
2009,7aff71de-3515-4cf6-a643-659a562f2a53
2010,55cb1f09-6008-48f8-8ca3-82dc3f636622
2011,d20ca2c4-1da1-4fd0-b6fa-f5ccbb4815d4
2012,3ecbb6b9-9c84-41a4-a33f-5af9524750c5
2013,8f0ebe28-a41f-4806-9dcf-02a3286ea8d3
2014,030a226a-8f31-4a64-a631-5bc32c628986
2015,2b7b016f-5f57-49f4-b8e3-68d6a6ad5d40
2016,23619311-7e2d-4c89-b202-292d69dc1f06
2017,bf31ebd8-88f9-41a7-9070-5801c57ab869
2018,13f32c37-e85d-4c99-9e0d-0be68a5ebb22
2019,d02ea9fe-bd0e-4f65-b961-0a0667937f84
2020,3401e878-7c64-4bc5-a6a0-14bf64990487
2021,859e076c-cf96-4f90-9db7-ab1dcfb149e9
2022,731411d3-0c41-4752-949d-12c7e42c5dd5
2023,09205574-ccbf-4e5f-beba-6779d95d84ad
2024,f26da8ea-9a8e-4fef-9654-cf3b8b948016
2025,b71470c0-cd3b-45a7-b044-17806ce3a4f9
2026,b6c8dd68-4b90-4fb2-9d01-46e9cdf824f0
2027,5301922d-b48d-44ad-b197-8b4f1f8b2883
2028,bf4c3b63-ef06-4e7d-812d-b768f16e1afc
2029,6ae71e5e-8797-4ead-8cc2-77ebe91eb5b3
2030,e8a633b4-4be8-4633-9472-adc12f036207
2031,86a70756-b5df-42cb-bd26-a54c1eeb5653
2032,7f317f44-5f8c-4c1b-b446-caac86437239
2033,49b36d9a-b2f1-4d62-b409-a9d9d93778f7
2034,2bf61d57-e8ab-4de9-be41-d1175aec31e7
2035,9ce5c75c-64fc-4cf8-a4cd-d0ac454501f6
2036,3c2352d4-374e-47ca-8dc0-fa5e539b73aa
2037,35604854-9c55-43fa-8a40-7f81c1394c85
2038,a4d8fde2-8726-468c-883a-ad2078aa9200
2039,31e62617-0e25-4b72-ba05-c4c1b415850c
2040,1eacd004-0230-4ee9-b77d-e524de192a0c
2041,599eaa71-3a22-48b5-893d-6b220baa4ec5
2042,6823c7d8-e6bc-4de1-9b2b-979f05ebc123
2043,9ef30d14-7600-4dc3-9ff8-18bde79d2a54
2044,839e0e5c-d7e3-4018-bad2-58dbe9f5dfbc
2045,85f388c4-6341-40ae-a55e-145033458384
2046,b26c3502-c38a-4fcb-a0c8-09e409e730d8
2047,fb44af4d-d302-43a1-8258-d002b8207e38
2048,c5d26477-a143-4136-8a08-aca2edfd62d1
2049,53650276-0fe6-4087-ba87-d8135d0aba5a
2050,8454073f-e51d-48b0-9618-8a4e7acbe43f
2051,1e0c2ccc-de61-4ad3-a552-8979c5f78ba3
2052,c8d33821-1f2f-4e1d-b9b8-ba5182348722
2053,6deeaa32-1961-4e82-96a4-51caebb92f71
2054,0dec10c7-99d8-4586-bc96-4cc7b3112ddb
2055,746a776c-c948-40bd-adc4-481dda5a953e
2056,4fcc8d1e-7c22-4b9f-870e-a001b29578cd
2057,5ef8464c-cbd4-429f-9843-82ab4242f57f
2058,ef2580a7-ecbb-4b86-8fd9-c0c1600dbecb
2059,f5ebfd56-c55d-410f-a06c-1bbeb747fc86
2060,03325119-12bc-472c-9d6a-28bb132da193
2061,c543c314-47ac-4178-b57e-21e37c9f31ad
2062,fa161048-8360-4199-903f-c386e93d855e
2063,ef2c58d4-a565-4bbd-92be-40a3457cc36c
2064,bbfd6321-146d-4b15-ad5e-2e11f66bdf9f
2065,4604a3d8-2b28-46d8-a53e-7c5af43c23ae
2066,62be0cd8-307a-4d66-acc5-794f3e3f484e
2067,09ff9611-1cb6-42eb-a0e7-8270d3ed4dce
2068,1b82c305-e500-4338-8523-f2f6ffc8986f
2069,13d584db-f16e-481c-a439-544a5dfa21e8
2070,d193cc30-cec7-4783-8d6d-613abd9ad465
2071,a18c7571-7a41-4fa3-9d19-8e4a0b908a4c
2072,33517b95-3c11-45de-9563-bc77a8dd31c2
2073,989dfe49-be2d-453d-9d47-1f793493baf8
2074,16b1facc-b36a-4f98-ac5a-927a4fde1825
2075,a01db9bb-7a52-4af4-8c62-6cca965697c0
2076,76e9c321-91b6-40e9-bebe-d8a3b99cb504
2077,02b0b156-9506-4396-b6d9-9a964a062e04
2078,9a9aa29e-30fa-4df3-85ca-3b690fc26f37
2079,e82d78a6-9855-49cd-a761-e016ba0e64db
2080,d166898c-85f5-4e1f-a770-edd024dd2942
2081,4cf9e62d-f8fb-4dc7-9447-75bde4fbb1fa
2082,c8c2c822-d567-4c25-991a-5d6319ca5a87
2083,369bdae9-cb49-4f7d-8acf-97e8a7d8ccc9
2084,4081fabd-cc42-4b1e-a6a2-e8aad54a7a21
2085,257ce5e5-9269-4c6f-a8ea-d3ce9aa36a92
2086,aa4b23c9-b645-4e1f-8e93-10a94e742675
2087,a1faef80-e779-4d4a-928b-f40b68d3c3ca
2088,02f29fcf-f921-4095-9a65-b220964b065a
2089,a1602bfe-2a37-4a75-b300-c63bf0f5a847
2090,9c1f06ab-071a-4187-93e2-32012bc40520
2091,8ce88109-4a92-4c5d-b937-2a04f1d02e14
2092,30ec7152-a814-4f41-8524-61bae4f3d26a
2093,066bb986-a6c6-4a37-83c4-a5323e0d5cc4
2094,bcc2d50d-bb7a-463a-a78f-0032ce3b4a58
2095,cb4cc5db-3d7f-4490-9c30-29f741a16f2c
2096,fe2dea7f-e163-4096-b2cd-bddd38aba1d5
2097,5afd8f36-433f-4b8f-8f8c-a9e6e8ed3817
2098,5ea4cf71-aa2f-4a24-921b-b7f327cdcecc
2099,ac84b319-6179-4355-8b5a-ece5aa568715
2100,432c0d89-064f-4037-b50e-6d2b43f3c609
2101,9035d73f-e74e-422d-b837-7d395e77e2d0
2102,81f531e4-abd9-4c14-8e63-bf5174cc07ad
2103,1da8d8bf-12ef-4960-af9c-d64b6e9062ac
2104,67da92c2-b75e-4e6e-905b-394baa21ccd0
2105,2bcfb30b-4d13-4c09-8824-2594a0ec0fc2
2106,ebbbd2a1-ba9d-4be5-ab0a-8dcb37d351a8
2107,2f7b14fd-ab19-4795-a122-978a03670171
2108,e5fd93f3-c424-4660-bd5a-d9bcf6c049a1
2109,48c3938e-4ca8-4e44-a8b9-cad81ded9b82
2110,ec247ff2-a2df-4c7e-9622-7294b6e3c6f0
2111,b5138248-751a-486f-a26b-9a29c43bf32a
2112,e2149f51-085b-40b3-ab99-93c9219ddaeb
2113,2298904f-7bce-41b7-b7ca-81dfeae5f025
2114,7b7b704d-67ef-4d6d-b8f4-ab1e9af35f1a
2115,d3ce56d9-fae4-4641-9311-91ff1f6f74fa
2116,5c244ed2-29db-4e81-a5f0-f58d244694dd
2117,d4212638-4bd0-44d6-a820-1597155f6629
2118,2dae841d-293e-4360-9d53-072bac02989e
2119,e94e494f-5d8c-465e-aa97-524bc66600b3
2120,dad9bb37-2caf-4ad4-813d-7608573d8d10
2121,e808b9b5-9ebf-4713-bb08-4735f7b3f258
2122,335db816-a25a-4dc8-9f38-85712fd955ce
2123,a940ba24-8c96-4efb-a590-2968ba691682
2124,26284b5b-259e-43fa-a863-2da770011289
2125,ddb42148-93bf-43c0-8f8d-7f1472014ede
